orderId,customerId,orderDate,orderTime,total_quantity,total_price,employeeId
1,97,20221211,18:24:35,5,37.75,128
2,60,20220606,21:03:40,1,1.0,35
3,73,20241111,06:44:10,6,22.549999999999997,133
4,79,20220822,08:31:54,8,71.5,137
5,86,20241222,19:41:50,1,2.52,81
6,49,20241110,16:36:54,9,80.1,125
7,44,20230202,09:57:33,4,10.16,77
8,4,20231217,07:14:13,8,86.66,65
9,64,20231221,21:17:02,1,13.52,144
10,42,20221030,08:43:59,9,94.93,146
11,24,20230429,14:57:34,4,10.149999999999999,13
12,63,20220730,07:11:59,3,83.3,102
13,28,20221027,16:01:13,2,7.25,26
14,46,20230609,10:48:52,6,45.2,42
15,34,20230209,18:59:04,1,7.6,16
16,44,20221222,15:10:36,8,70.69,56
17,36,20221110,13:36:53,4,52.4,66
18,77,20220604,18:43:57,5,20.12,122
19,90,20221229,16:24:48,3,32.129999999999995,25
20,36,20241008,10:50:44,8,45.48000000000001,116
21,72,20240808,08:32:47,2,15.49,86
22,2,20240708,17:03:06,10,87.56,67
23,67,20231024,19:14:53,10,154.62999999999997,93
24,25,20231010,08:21:38,2,3.08,93
25,11,20221106,18:49:20,3,33.8,144
26,31,20240619,06:40:17,10,258.53,143
27,93,20220520,20:31:14,1,6.33,66
28,53,20240818,17:35:24,2,2.36,89
29,63,20240624,19:11:43,10,31.68,6
30,72,20230913,18:05:49,2,20.900000000000002,106
31,98,20230717,15:51:15,7,48.459999999999994,32
32,31,20220426,08:05:17,7,30.939999999999998,90
33,89,20231222,10:24:45,6,54.26,156
34,61,20241105,10:47:24,8,66.58,51
35,83,20220601,16:23:06,8,105.83,148
36,92,20230928,08:00:19,8,123.11000000000001,148
37,63,20240803,20:23:48,10,72.53000000000002,138
38,58,20240714,14:06:08,3,5.319999999999999,45
39,3,20220319,08:11:27,8,21.63,73
40,12,20220427,20:35:35,9,98.24,91
41,38,20240126,19:06:01,7,21.089999999999996,84
42,29,20230811,08:22:35,6,30.09,131
43,52,20220607,08:38:38,4,91.19999999999999,125
44,89,20220704,16:55:24,10,38.019999999999996,115
45,32,20241104,06:18:26,5,16.63,21
46,40,20240227,18:49:05,3,10.62,98
47,85,20240805,13:36:33,3,24.439999999999998,158
48,75,20220326,11:43:24,4,19.939999999999998,74
49,48,20240710,11:08:17,10,124.18999999999998,119
50,61,20230121,15:17:31,9,53.61000000000001,38
51,71,20231021,10:04:10,8,78.35,43
52,68,20240901,19:17:26,3,107.56,87
53,45,20241023,15:30:50,7,305.29,108
54,55,20221105,08:23:16,2,18.9,157
55,96,20220507,13:46:40,3,33.04,147
56,71,20240711,21:38:39,1,17.8,104
57,43,20220731,12:29:06,1,1.2,19
58,46,20231205,10:19:00,1,0.5,21
59,90,20220622,18:21:53,5,43.16000000000001,42
60,59,20241030,18:51:55,10,70.92,88
61,35,20221220,16:28:21,3,6.01,59
62,40,20220322,19:52:52,4,18.54,81
63,33,20230523,10:19:20,1,0.04,82
64,30,20240615,12:30:20,1,28.8,75
65,16,20240618,11:25:20,2,11.0,69
66,93,20241209,15:47:44,8,104.16,155
67,25,20241206,21:36:50,5,147.48,102
68,41,20221122,13:20:24,6,40.46,70
69,16,20240116,14:52:50,8,36.47,114
70,96,20240203,18:23:07,9,118.89000000000001,93
71,69,20230803,12:37:34,4,49.32,151
72,98,20240304,11:43:49,10,111.07,134
73,89,20240417,06:46:29,1,1.5,116
74,24,20231124,12:28:51,2,12.5,106
75,25,20220418,15:53:44,6,45.879999999999995,43
76,28,20231117,08:52:54,9,171.51,48
77,95,20220515,19:43:31,1,67.2,6
78,62,20231107,10:40:19,9,100.36,33
79,36,20220713,13:16:42,2,48.7,61
80,93,20240302,10:45:27,8,89.93,65
81,76,20230805,18:04:28,9,112.97,21
82,98,20230601,21:37:25,8,106.68,54
83,68,20221104,19:34:02,10,76.99,43
84,77,20231114,17:44:57,5,24.2,102
85,37,20220616,08:06:49,5,27.58,27
86,13,20221017,13:42:42,1,3.0,25
87,25,20231218,17:10:41,9,63.58,17
88,38,20230928,07:36:41,8,46.01,122
89,30,20240313,18:48:21,3,8.73,141
90,47,20220922,19:06:00,9,70.35,14
91,23,20220623,09:16:14,6,24.249999999999996,7
92,39,20230927,13:28:23,3,26.769999999999996,102
93,2,20240211,18:29:49,6,29.139999999999997,135
94,91,20231104,10:22:01,3,6.34,22
95,69,20220919,21:06:18,4,210.21,27
96,17,20241214,19:58:05,10,83.42,68
97,36,20220711,09:53:46,3,48.09,159
98,6,20240517,10:22:19,6,38.04,40
99,7,20241107,16:29:50,3,27.82,22
100,71,20240112,12:33:30,8,173.16,100
101,38,20220207,17:30:06,4,10.440000000000001,80
102,90,20240113,20:46:44,5,43.82,59
103,17,20230925,20:20:04,2,6.42,64
104,82,20230105,15:02:51,8,131.92000000000002,73
105,97,20230315,09:01:54,2,5.43,114
106,63,20231201,16:41:06,5,202.38,33
107,14,20240922,11:59:47,6,58.02,34
108,2,20230129,13:33:11,2,10.23,135
109,74,20230409,11:21:35,6,47.48,44
110,37,20221009,19:29:14,6,57.69,8
111,61,20221114,18:40:11,9,106.18,9
112,62,20220608,11:40:42,5,30.5,92
113,57,20230829,19:25:01,2,9.0,84
114,44,20220727,12:28:37,8,136.18,122
115,24,20241105,19:24:00,2,10.42,120
116,7,20241214,12:13:17,3,18.82,139
117,33,20220319,08:36:06,6,113.9,70
118,62,20231121,11:23:20,4,19.72,141
119,15,20220926,12:29:07,8,28.57,114
120,9,20240211,14:42:55,8,116.71000000000001,35
121,52,20221112,21:33:40,5,25.439999999999998,139
122,63,20221129,16:38:24,3,90.14000000000001,46
123,10,20230106,18:37:07,2,17.32,152
124,74,20221206,17:22:54,10,111.02999999999999,153
125,81,20240615,20:39:11,10,72.57,117
126,88,20220331,15:58:39,10,55.419999999999995,145
127,7,20240421,08:43:08,1,0.64,112
128,20,20240117,16:07:15,7,47.48,135
129,20,20230502,15:07:11,5,64.51,137
130,73,20240628,17:44:09,9,335.15000000000003,80
131,39,20230807,18:26:38,10,137.10000000000002,89
132,11,20240708,10:36:24,3,73.15,124
133,32,20230425,19:11:31,10,68.04,139
134,16,20241229,11:35:10,6,11.89,59
135,72,20230505,21:18:08,1,4.25,23
136,98,20230926,11:20:53,7,179.23000000000002,114
137,54,20240818,20:39:03,6,35.04,79
138,78,20230202,17:00:31,9,51.9,94
139,77,20240124,10:12:52,6,50.01,106
140,80,20240621,18:35:32,3,20.060000000000002,67
141,29,20240803,21:26:43,4,38.480000000000004,40
142,100,20230801,21:26:45,1,1.2,78
143,67,20240222,20:31:10,5,15.569999999999999,3
144,49,20241026,08:36:01,1,21.48,1
145,58,20241216,13:18:02,10,102.92000000000002,134
146,57,20240507,14:14:34,2,11.669999999999998,35
147,39,20221128,15:10:49,4,11.120000000000001,89
148,76,20230213,20:36:47,7,193.09000000000003,74
149,55,20221011,21:35:32,6,36.61,121
150,40,20230528,09:36:07,5,42.239999999999995,137
151,73,20220417,14:49:34,5,63.94,3
152,80,20240911,17:34:52,1,0.75,126
153,8,20240131,07:48:46,8,101.86000000000001,123
154,79,20220730,20:34:13,1,0.84,77
155,95,20241122,19:06:47,8,103.14999999999999,3
156,13,20220913,13:19:55,6,43.68,111
157,98,20230807,07:28:16,3,19.36,75
158,27,20220621,17:55:52,9,45.72999999999999,153
159,81,20221125,08:28:55,10,44.58,60
160,28,20230713,09:49:51,7,26.82,2
161,34,20240709,13:13:51,8,95.42,141
162,85,20241117,17:55:45,6,39.769999999999996,96
163,11,20221029,19:10:39,9,163.51999999999998,49
164,21,20240614,10:50:13,1,30.4,106
165,31,20220707,12:51:03,5,16.970000000000002,144
166,23,20230331,17:34:17,6,95.4,112
167,71,20240712,11:20:45,5,54.099999999999994,102
168,10,20231217,15:18:36,8,26.38,64
169,21,20220224,14:54:32,1,14.05,42
170,1,20240429,09:08:48,3,24.51,100
171,53,20220420,19:58:03,1,0.6,97
172,58,20240322,14:55:41,7,73.89999999999999,57
173,89,20241025,10:44:55,6,99.06,68
174,77,20240205,10:15:09,2,12.95,21
175,61,20230428,16:53:15,7,36.92,109
176,38,20240301,18:31:09,8,47.36,62
177,5,20220617,14:40:26,7,126.50999999999999,133
178,30,20240207,18:28:04,8,75.89000000000001,157
179,37,20230405,08:25:32,1,2.44,70
180,91,20220227,14:44:59,1,0.99,73
181,37,20231015,17:29:31,9,75.52000000000001,137
182,90,20220722,16:37:00,2,6.140000000000001,69
183,59,20231118,08:46:29,8,147.37,106
184,10,20221027,17:54:04,3,32.12,49
185,88,20221009,18:13:27,5,48.05,18
186,30,20220320,12:31:17,2,56.32,47
187,34,20230811,16:53:18,8,51.31999999999999,35
188,101,20240825,16:35:36,3,19.83,75
189,81,20221012,10:36:54,4,73.36000000000001,29
190,76,20240818,21:50:21,7,86.47,117
191,85,20240707,07:02:06,4,236.48,159
192,26,20220111,20:01:07,5,9.080000000000002,116
193,55,20220612,11:28:29,3,13.44,70
194,15,20220208,06:27:12,9,28.46,160
195,70,20230609,10:56:41,3,41.56,126
196,29,20230318,15:10:55,8,98.89,49
197,83,20221103,14:05:41,10,114.7,83
198,20,20241216,17:16:05,10,62.75,5
199,35,20240516,17:42:57,2,3.03,39
200,19,20220816,11:03:25,4,15.94,13
201,10,20230814,15:46:44,7,153.54,137
202,8,20230502,13:27:41,3,91.89,6
203,22,20230909,08:45:06,7,184.03,48
204,40,20220907,06:13:30,5,85.54,27
205,77,20220408,08:08:37,9,33.78,73
206,96,20230504,13:33:43,2,8.7,69
207,73,20240509,20:00:00,6,27.969999999999995,33
208,37,20240725,16:52:07,1,1.8900000000000001,113
209,57,20220509,19:44:08,9,57.29,3
210,16,20220816,21:04:14,5,16.619999999999997,60
211,60,20241020,18:05:46,6,40.88999999999999,24
212,89,20220203,09:06:20,8,58.38999999999999,39
213,39,20241121,17:56:19,3,38.24,4
214,90,20230511,10:24:49,9,83.57000000000001,127
215,52,20221022,10:41:43,2,4.4399999999999995,56
216,35,20230820,10:04:33,8,98.59,88
217,65,20240529,06:39:41,1,2.52,108
218,70,20220104,11:28:22,10,122.16,80
219,64,20231224,12:40:47,7,82.55000000000001,128
220,57,20230508,10:58:26,2,12.75,96
221,11,20240503,20:55:13,1,12.2,119
222,77,20230119,08:57:06,4,35.32,9
223,6,20220625,10:48:07,4,56.85999999999999,85
224,56,20241208,18:22:27,1,0.04,21
225,95,20240109,16:50:08,6,55.55,38
226,42,20220519,13:17:41,3,17.32,15
227,78,20241213,08:15:35,5,202.52,69
228,33,20241105,15:49:44,2,3.95,101
229,4,20241105,06:54:54,5,39.31000000000001,19
230,12,20220211,15:13:33,9,190.73,140
231,30,20240310,12:47:25,4,47.269999999999996,121
232,87,20240820,15:41:03,4,27.58,47
233,74,20220331,13:31:24,8,64.0,50
234,76,20240303,09:15:31,10,166.44,65
235,3,20240204,08:33:56,5,28.599999999999998,98
236,98,20230604,06:23:59,3,26.54,4
237,87,20220203,16:08:24,3,6.02,32
238,35,20240102,19:23:34,2,2.8899999999999997,64
239,74,20220519,11:48:30,6,37.449999999999996,99
240,6,20231208,08:01:37,4,76.06,114
241,98,20230509,08:00:16,4,12.010000000000002,64
242,97,20220801,12:02:59,1,2.4,9
243,23,20231112,07:50:25,2,3.91,51
244,61,20221001,15:40:45,3,17.58,118
245,67,20220401,19:27:44,10,149.85,25
246,84,20231223,18:05:40,7,97.67000000000002,134
247,57,20231125,10:17:05,1,1.5,54
248,36,20221225,15:05:32,6,72.67,122
249,24,20240809,12:51:09,2,66.08,100
250,75,20240907,16:25:37,10,155.82000000000002,80
251,56,20230109,08:19:44,2,38.25,83
252,82,20221004,19:46:54,2,8.379999999999999,41
253,63,20220510,13:03:15,5,258.15999999999997,11
254,12,20240726,08:59:27,2,3.16,141
255,61,20220317,09:29:39,10,95.99,134
256,45,20230824,07:19:42,10,133.89,32
257,53,20230217,11:07:00,6,111.49000000000001,65
258,43,20220331,10:44:00,10,88.39,124
259,42,20230213,11:31:22,10,55.809999999999995,77
260,86,20220327,14:10:23,7,127.15,51
261,14,20231009,10:47:49,6,27.08,93
262,21,20230928,14:46:56,3,9.26,14
263,43,20241121,09:49:57,3,5.01,56
264,53,20240326,06:21:51,4,22.05,29
265,89,20240827,19:17:33,3,19.65,61
266,64,20230603,08:16:45,6,122.13,112
267,37,20220316,08:31:29,4,95.22000000000001,84
268,85,20230127,17:03:31,8,27.77,4
269,52,20230809,11:23:10,5,17.64,43
270,98,20240102,14:49:06,4,40.230000000000004,71
271,71,20220408,09:14:47,5,20.77,150
272,5,20231111,06:02:54,1,14.05,31
273,59,20230714,06:15:02,10,26.270000000000003,102
274,12,20220912,21:23:24,5,34.97,63
275,41,20240124,10:11:59,1,4.22,3
276,33,20240613,07:35:51,6,60.790000000000006,11
277,42,20240330,19:14:20,5,49.99,149
278,15,20240619,13:26:58,4,24.03,122
279,99,20240302,16:17:52,8,137.95999999999998,153
280,52,20231126,08:36:23,1,0.12,40
281,66,20230118,09:32:43,6,98.48,96
282,1,20241013,07:11:14,3,24.4,23
283,85,20241015,07:25:04,7,45.489999999999995,64
284,70,20240123,20:55:18,2,5.28,41
285,60,20241129,15:20:05,1,11.72,128
286,53,20230701,20:00:23,1,1.2,24
287,7,20220619,12:18:36,2,3.29,159
288,25,20240519,15:47:39,5,40.660000000000004,87
289,67,20220611,13:29:23,7,134.70000000000002,16
290,47,20240531,21:49:49,10,54.55,16
291,80,20230105,12:46:57,8,34.8,92
292,97,20230825,13:09:00,8,15.18,40
293,64,20231020,19:01:14,2,36.43,138
294,81,20220730,17:40:53,6,93.66000000000001,28
295,57,20220613,06:21:00,7,72.5,33
296,98,20231103,18:54:47,9,89.07,125
297,7,20230829,15:06:13,5,30.98,60
298,27,20230920,13:26:31,9,78.49000000000001,82
299,35,20240702,07:09:45,1,1.26,143
300,71,20240522,14:05:02,2,1.3,89
301,17,20221208,13:57:54,1,3.15,113
302,37,20240628,19:44:57,2,6.109999999999999,50
303,57,20231221,17:29:47,10,143.86,6
304,90,20240704,08:37:06,10,118.35999999999999,97
305,63,20220328,10:40:52,8,158.51000000000002,92
306,16,20231224,18:04:37,5,38.32,35
307,4,20240609,07:27:42,4,29.56,65
308,81,20230717,10:15:18,3,7.43,11
309,78,20220428,14:54:20,5,40.78,125
310,31,20220603,18:44:53,7,82.21000000000001,113
311,91,20240411,16:20:28,2,7.38,144
312,21,20240115,14:14:04,4,6.74,76
313,40,20241116,12:08:49,7,39.519999999999996,139
314,71,20221124,09:09:06,3,29.0,126
315,2,20220305,11:28:29,3,26.73,49
316,71,20221020,16:26:07,10,106.17999999999999,146
317,53,20240616,17:49:13,4,17.2,48
318,12,20220313,20:19:29,6,56.91,140
319,29,20220916,14:54:07,5,152.27,90
320,15,20220518,08:10:51,1,0.75,83
321,60,20230429,15:52:45,3,10.610000000000001,120
322,16,20240121,07:13:53,10,96.56,71
323,83,20240112,16:09:05,5,41.54,154
324,20,20240224,13:22:25,1,1.6,142
325,64,20220308,07:43:19,1,7.16,42
326,92,20221111,14:52:11,7,22.819999999999997,18
327,38,20240710,06:25:54,8,124.2,136
328,66,20240130,20:35:47,2,1.5,40
329,91,20240201,13:06:29,6,100.90000000000002,116
330,35,20240628,09:51:50,2,59.6,76
331,54,20220607,10:07:00,10,128.97,68
332,62,20221009,07:53:49,1,13.52,139
333,61,20241220,13:08:12,3,119.1,94
334,32,20240122,18:23:43,6,161.45000000000002,117
335,59,20240326,08:37:37,8,45.510000000000005,1
336,71,20231006,14:58:52,10,159.66,130
337,19,20230725,08:01:04,6,74.63,98
338,50,20230527,12:57:41,4,77.0,48
339,25,20220821,20:51:08,7,20.27,5
340,77,20220223,08:57:54,3,6.43,159
341,66,20230117,16:07:02,10,88.85,94
342,96,20241019,20:03:10,3,13.52,159
343,18,20241126,19:52:46,9,68.53,62
344,9,20240303,18:31:01,5,36.620000000000005,83
345,36,20220830,18:43:27,2,9.629999999999999,17
346,99,20230621,11:22:13,9,43.24999999999999,138
347,54,20230618,11:17:17,4,22.79,100
348,44,20240702,20:56:09,3,39.02,49
349,101,20230316,07:39:39,2,12.09,135
350,65,20230808,13:41:18,3,19.72,128
351,35,20241002,21:26:56,7,47.22,142
352,1,20230214,21:03:05,2,36.04,40
353,37,20220909,14:24:08,9,45.65,157
354,93,20221005,19:12:41,9,179.10999999999999,73
355,39,20220601,13:40:51,1,8.44,83
356,76,20240714,06:24:50,6,90.21999999999998,105
357,75,20221220,17:30:34,9,112.25,83
358,85,20240630,21:22:58,6,26.81,29
359,63,20220629,16:24:17,3,18.54,25
360,20,20231017,11:01:20,3,42.26,134
361,58,20231213,13:01:57,7,58.86000000000001,18
362,69,20220513,14:03:51,6,24.07,12
363,62,20230818,21:33:22,5,76.55,34
364,45,20230907,13:10:06,5,48.790000000000006,46
365,43,20221119,13:42:15,3,53.349999999999994,9
366,71,20221223,14:34:52,6,53.88999999999999,52
367,98,20240111,07:48:14,9,43.11999999999999,28
368,70,20241107,18:22:59,4,34.870000000000005,125
369,49,20230405,11:11:15,5,15.54,50
370,59,20220906,16:51:47,2,2.44,26
371,42,20230216,17:58:37,1,21.48,9
372,25,20221012,06:45:44,9,155.44000000000003,147
373,90,20230430,17:36:36,10,186.61,100
374,31,20241008,10:36:12,4,12.09,126
375,74,20220223,21:34:19,1,6.0,135
376,50,20240110,11:31:02,7,241.59999999999997,160
377,30,20240126,08:03:14,5,63.190000000000005,152
378,100,20240815,13:01:33,4,38.56999999999999,66
379,53,20220923,21:00:21,3,17.53,13
380,6,20220626,12:51:08,6,65.45,94
381,41,20220515,16:45:11,6,60.59,57
382,96,20230926,16:03:01,8,71.10999999999999,156
383,61,20240326,10:37:45,3,79.95,19
384,91,20240907,10:49:07,7,10.860000000000001,4
385,49,20241212,17:04:23,4,7.29,54
386,50,20240421,18:37:06,9,156.55999999999997,126
387,85,20240418,16:19:20,1,3.0,21
388,84,20220601,10:10:46,9,193.64,120
389,20,20220914,19:50:40,6,84.45,16
390,64,20231012,21:41:20,3,5.8999999999999995,93
391,5,20220601,11:45:35,2,94.8,143
392,17,20240710,17:14:42,6,28.35,107
393,65,20240812,11:24:19,2,45.16,95
394,76,20241125,15:08:11,10,76.39000000000001,15
395,43,20231207,06:44:36,6,51.49,158
396,13,20220920,18:54:49,10,16.78,69
397,57,20230108,07:11:38,3,35.64,136
398,13,20220922,16:58:51,9,119.03999999999999,11
399,68,20240605,13:40:36,5,73.94,19
400,59,20241026,09:59:31,10,94.67999999999999,78
401,2,20220424,10:21:47,2,8.25,20
402,93,20220912,08:15:22,9,44.97,56
403,19,20241127,16:10:40,8,101.21000000000001,133
404,53,20221110,08:52:45,2,15.52,25
405,84,20230915,16:28:00,2,77.62,26
406,20,20221204,14:13:15,2,14.8,60
407,10,20221128,08:22:16,1,0.42,137
408,61,20231023,09:46:00,3,7.84,99
409,101,20230407,07:24:28,1,14.4,49
410,34,20231210,19:10:56,9,219.31,50
411,44,20241128,19:31:56,1,35.8,135
412,80,20230805,18:22:34,5,102.58,64
413,89,20220611,18:06:53,3,33.49,146
414,51,20230529,21:50:55,3,36.910000000000004,46
415,84,20230207,13:10:28,10,134.21,143
416,11,20230717,08:51:54,5,26.63,143
417,43,20220914,07:18:01,2,10.62,107
418,87,20230913,16:16:06,2,3.66,28
419,69,20241228,08:21:10,6,32.99,148
420,49,20220711,18:10:46,9,70.32000000000001,92
421,41,20241026,08:35:57,6,155.29999999999998,118
422,81,20221212,08:21:38,7,132.81,110
423,92,20221112,21:45:01,2,21.91,27
424,98,20221217,19:41:10,3,23.82,43
425,63,20231123,19:10:03,10,66.85,47
426,70,20220326,09:21:13,9,56.109999999999985,141
427,5,20220228,12:26:44,7,24.11,103
428,80,20220616,14:42:18,1,2.52,130
429,9,20220404,15:15:06,4,12.280000000000001,87
430,31,20230627,07:25:36,4,41.260000000000005,41
431,81,20230308,21:09:03,5,42.35999999999999,137
432,88,20240503,17:00:27,10,146.70000000000002,154
433,37,20220304,08:18:52,2,81.88,114
434,30,20241016,21:12:06,7,77.22,91
435,96,20230817,06:13:10,3,17.37,81
436,12,20230911,15:05:30,3,6.28,141
437,56,20240916,09:19:50,7,63.8,84
438,13,20230517,18:30:31,8,119.45,96
439,98,20240411,14:05:41,8,49.269999999999996,106
440,82,20230902,18:11:23,9,150.09,111
441,91,20240717,18:23:11,7,71.0,83
442,13,20220530,20:02:16,3,31.810000000000002,156
443,57,20220503,20:29:16,2,14.27,62
444,22,20221120,13:53:17,4,90.88,145
445,89,20240619,07:09:48,3,65.45,140
446,39,20240501,09:05:42,7,175.54000000000002,55
447,4,20240918,17:51:34,2,24.48,97
448,6,20240809,19:48:37,8,48.28,141
449,42,20230222,13:35:03,9,109.5,66
450,8,20231128,18:52:33,3,32.17,93
451,38,20221022,19:34:43,1,5.26,116
452,46,20231003,21:36:56,8,21.31,115
453,48,20231016,13:30:19,1,1.8900000000000001,102
454,56,20231209,08:25:57,1,2.55,1
455,19,20240327,07:32:36,9,82.0,9
456,32,20220925,10:07:48,9,63.83,73
457,68,20240129,20:11:10,10,75.09,153
458,53,20241120,12:51:12,7,63.91,5
459,73,20220806,10:02:27,1,18.240000000000002,133
460,88,20231016,08:43:27,9,113.33000000000001,35
461,24,20230511,12:52:40,3,5.55,78
462,22,20240813,10:53:38,2,73.8,2
463,23,20220908,14:20:58,7,160.42000000000002,77
464,11,20230702,08:05:24,10,114.30000000000001,57
465,79,20240709,18:35:20,2,8.120000000000001,55
466,49,20230523,14:33:29,2,31.55,81
467,80,20221016,06:50:44,2,16.34,6
468,88,20220718,19:07:26,2,33.5,71
469,31,20220414,10:09:36,7,116.49000000000001,142
470,64,20230818,09:59:06,3,42.8,131
471,75,20240226,09:50:18,1,21.48,143
472,19,20240506,17:56:26,6,70.62,147
473,30,20230524,14:24:41,9,164.26000000000002,147
474,60,20221124,21:36:38,2,8.91,40
475,82,20231102,21:02:11,8,52.879999999999995,25
476,33,20231003,14:25:09,8,27.27,10
477,59,20230124,18:02:25,8,39.019999999999996,118
478,33,20221123,16:44:15,7,50.410000000000004,92
479,86,20241017,07:47:30,8,166.87,40
480,2,20241120,14:57:23,7,84.05000000000001,36
481,60,20240814,06:21:52,3,17.169999999999998,68
482,37,20241018,15:19:17,1,0.6,94
483,87,20230924,21:54:44,10,226.54000000000002,150
484,70,20241015,09:55:14,7,60.98,64
485,21,20220217,10:19:47,2,48.519999999999996,60
486,10,20220704,20:49:52,3,23.16,66
487,57,20240316,16:17:46,4,25.439999999999998,77
488,45,20241101,19:38:41,5,39.92,24
489,76,20240725,08:12:28,2,48.4,147
490,39,20230509,12:58:52,7,56.07999999999999,103
491,82,20230317,19:47:31,5,13.139999999999999,146
492,55,20231224,17:52:03,4,63.28,56
493,89,20220410,11:04:19,4,20.81,20
494,33,20220414,18:08:49,9,27.86,84
495,59,20230731,06:11:12,3,64.81,124
496,39,20241010,12:53:03,3,26.310000000000002,45
497,26,20240821,13:02:29,5,83.03999999999999,125
498,50,20230809,07:58:23,9,91.58,148
499,62,20220117,12:17:23,8,52.75,25
500,14,20220809,20:32:25,5,9.65,153
501,31,20240601,09:43:01,4,25.5,77
502,49,20221002,13:23:31,10,127.73,10
503,74,20230626,20:11:55,6,145.70000000000002,148
504,46,20240120,21:37:35,9,43.50000000000001,98
505,74,20240405,17:22:10,6,33.379999999999995,21
506,38,20240120,14:47:53,6,8.02,15
507,90,20220403,08:18:01,5,26.65,86
508,38,20240331,18:03:10,7,65.03,90
509,3,20220415,12:54:14,2,78.08,112
510,85,20230203,13:43:13,3,35.75,107
511,51,20240113,14:41:26,8,74.08,31
512,36,20230815,06:55:49,1,47.400000000000006,59
513,2,20220531,06:30:58,3,8.530000000000001,155
514,73,20240302,10:41:11,5,46.1,3
515,88,20241029,06:14:16,4,32.13,98
516,100,20240711,15:45:45,5,45.82,14
517,96,20230727,14:27:57,9,48.63,79
518,7,20220901,18:54:22,6,118.38999999999999,135
519,78,20220921,20:16:13,4,20.18,11
520,96,20220718,20:19:43,1,1.5,82
521,64,20240317,18:37:06,7,213.10999999999999,139
522,37,20240204,06:32:42,10,175.44,145
523,100,20231126,17:35:41,10,107.69000000000001,39
524,30,20240119,15:19:43,8,59.28,84
525,78,20221023,09:30:04,8,104.12,129
526,46,20230212,16:17:40,8,117.3,57
527,29,20241108,16:55:17,3,6.98,40
528,82,20240402,14:41:45,7,109.34,13
529,25,20241021,15:12:09,7,32.129999999999995,101
530,80,20220324,13:57:03,2,38.120000000000005,115
531,33,20220403,18:42:20,2,39.32,153
532,87,20220321,10:46:01,4,183.07,148
533,97,20221008,21:18:16,5,45.25,130
534,93,20231114,19:25:24,2,54.31999999999999,24
535,99,20240828,07:37:45,9,108.46000000000001,57
536,85,20241129,12:21:46,3,49.06,111
537,88,20240724,13:43:34,6,26.470000000000002,75
538,18,20221102,21:58:42,3,116.0,101
539,81,20241121,17:32:19,2,38.85,38
540,13,20221014,11:53:42,2,79.08,34
541,81,20231103,11:18:06,9,88.29,87
542,83,20231015,21:08:47,7,51.449999999999996,22
543,6,20221129,14:46:51,1,17.52,122
544,40,20240315,11:43:57,9,89.77,147
545,101,20230905,16:41:05,2,48.08,13
546,57,20231120,13:22:14,6,60.08,141
547,5,20241104,15:26:50,9,60.81,103
548,75,20241109,16:23:16,1,0.88,68
549,47,20241226,15:29:54,2,4.68,22
550,94,20240930,09:30:03,9,158.53000000000003,103
551,17,20230906,08:30:56,10,62.23999999999999,129
552,12,20240830,12:32:07,6,23.02,112
553,38,20220204,18:33:19,9,51.22,34
554,42,20240125,19:03:55,10,22.88,35
555,96,20231110,10:08:12,9,66.86,124
556,54,20220813,16:26:36,8,69.01,144
557,23,20240503,20:09:20,5,16.97,51
558,26,20230923,11:49:05,1,21.48,125
559,17,20220224,21:21:40,10,270.01,102
560,101,20240829,11:20:40,6,102.93,147
561,70,20230628,07:00:28,1,0.6,51
562,47,20230412,14:13:48,1,3.0,144
563,68,20220416,11:36:48,8,135.07000000000002,158
564,65,20240910,11:31:50,2,37.16,135
565,35,20221216,08:08:39,2,4.03,64
566,22,20241209,19:40:27,6,64.38,63
567,33,20240218,18:27:30,6,139.86,19
568,62,20221030,18:00:02,10,85.21000000000001,69
569,38,20230512,12:46:23,2,14.530000000000001,111
570,96,20220306,06:57:20,9,42.07,83
571,44,20220814,12:01:43,6,79.29,148
572,15,20230126,06:40:46,4,56.65,23
573,60,20220208,13:14:44,5,60.04,29
574,10,20240622,17:19:08,8,76.49,106
575,19,20231005,09:24:32,3,23.47,109
576,97,20240507,15:10:04,6,51.099999999999994,94
577,29,20221107,07:19:18,1,24.0,90
578,87,20240425,20:46:33,8,33.410000000000004,49
579,93,20230222,16:27:56,7,42.41,83
580,87,20240420,10:21:57,9,62.989999999999995,89
581,51,20241024,21:22:48,5,5.8100000000000005,153
582,72,20240823,12:10:58,2,6.92,7
583,47,20220508,18:01:14,4,25.099999999999998,79
584,12,20221010,13:46:08,4,117.9,44
585,51,20241128,12:46:01,8,38.86000000000001,90
586,2,20230301,11:07:23,4,96.44999999999999,158
587,34,20231028,07:24:56,2,1.49,114
588,69,20240906,14:49:34,9,44.41,160
589,16,20241212,07:38:03,5,147.78,38
590,59,20240211,09:41:53,9,27.35,113
591,48,20231005,06:03:44,7,28.229999999999997,12
592,87,20221221,09:26:28,2,2.85,60
593,96,20240730,18:07:35,6,21.07,52
594,87,20241227,14:30:44,7,195.26,96
595,34,20231203,10:13:44,4,9.69,40
596,75,20231227,06:19:26,9,65.13,22
597,49,20230626,09:42:33,6,63.91,29
598,82,20240918,14:39:38,9,50.260000000000005,14
599,48,20230129,10:26:53,7,155.33,63
600,14,20230520,09:32:46,2,11.32,159
601,87,20230726,09:18:07,5,34.3,38
602,30,20230904,09:31:12,10,45.449999999999996,74
603,61,20230406,12:49:16,2,7.539999999999999,4
604,4,20230902,12:22:45,7,47.12,88
605,80,20230815,19:18:10,3,21.68,29
606,72,20230301,07:35:31,7,55.94,79
607,42,20240928,12:44:59,10,102.78,116
608,79,20231012,21:21:15,2,30.3,121
609,29,20240909,06:00:42,9,41.339999999999996,6
610,83,20231216,08:58:07,7,40.029999999999994,85
611,9,20230715,21:09:05,10,39.98,54
612,82,20230813,08:46:46,9,82.38,138
613,60,20220907,09:57:16,5,15.129999999999999,55
614,90,20240217,13:29:18,2,18.88,53
615,39,20240319,14:29:03,5,54.809999999999995,140
616,84,20231208,09:52:11,10,97.17999999999999,134
617,53,20221027,07:54:18,7,46.15,67
618,15,20230818,17:51:43,9,105.66,141
619,18,20220328,16:27:47,6,54.45,124
620,6,20230813,09:06:54,8,58.5,160
621,5,20220611,07:00:54,8,41.75000000000001,37
622,39,20231211,10:42:41,2,117.8,5
623,64,20240624,11:21:22,3,36.8,97
624,15,20230610,20:39:17,8,108.73000000000002,150
625,13,20240908,08:23:52,7,75.41,135
626,31,20230315,16:11:07,7,87.81,12
627,69,20230218,18:25:29,3,19.77,66
628,18,20230710,14:53:24,3,33.980000000000004,44
629,50,20230711,21:51:26,4,88.7,16
630,59,20221009,11:07:08,5,50.94,73
631,48,20220812,07:54:10,5,38.480000000000004,52
632,86,20230506,09:26:58,8,89.72999999999999,159
633,96,20230512,21:51:36,2,2.96,70
634,90,20220414,20:11:39,8,74.99000000000001,14
635,70,20241223,18:49:22,6,57.27,120
636,54,20230408,06:55:43,5,115.22,3
637,76,20230422,10:30:58,7,42.480000000000004,18
638,96,20220418,21:07:56,7,55.699999999999996,100
639,94,20220725,19:28:02,3,37.59,70
640,20,20240426,08:16:41,8,35.69,93
641,54,20231108,16:00:45,3,95.91,28
642,84,20240825,13:42:55,2,19.3,5
643,13,20220725,16:33:33,8,20.76,75
644,63,20221009,09:27:42,6,42.39,99
645,79,20220111,13:30:22,10,70.88000000000001,60
646,53,20221120,18:09:53,7,87.72,98
647,36,20240413,07:00:41,1,31.98,131
648,5,20240901,11:32:54,3,71.52,26
649,89,20240904,21:54:31,7,33.74,81
650,48,20230213,11:04:48,2,10.44,125
651,28,20230812,21:20:15,2,9.23,153
652,57,20231020,16:17:03,5,38.629999999999995,137
653,57,20230808,13:35:41,8,105.13,23
654,31,20220502,18:25:52,1,7.89,48
655,47,20220703,13:05:29,5,12.819999999999999,51
656,13,20230421,20:51:36,2,17.31,129
657,88,20241231,20:05:54,8,72.66,118
658,48,20220318,21:28:20,2,25.23,144
659,70,20221225,09:31:47,5,31.14,6
660,83,20240505,06:06:25,5,20.07,11
661,46,20221227,19:02:35,7,64.38,64
662,8,20220316,06:52:05,3,18.1,136
663,51,20240324,15:56:32,2,36.400000000000006,79
664,36,20241011,12:41:42,4,113.05000000000001,86
665,25,20230117,20:21:23,6,98.65,126
666,16,20230816,07:52:14,8,113.85000000000001,101
667,59,20220318,20:21:35,6,51.15,41
668,12,20220119,21:45:42,1,3.0,5
669,85,20230904,17:45:28,8,26.63,89
670,28,20220808,09:06:48,7,19.17,91
671,83,20231118,13:00:21,9,58.72,91
672,82,20230806,17:53:40,10,68.61,78
673,77,20240719,15:35:33,10,124.64,61
674,3,20241209,17:44:06,5,37.300000000000004,129
675,7,20241008,07:57:10,3,23.26,71
676,101,20221002,21:08:52,3,68.4,16
677,43,20241029,19:06:16,9,207.68,66
678,32,20240816,12:12:07,7,40.79,100
679,17,20230713,18:13:29,4,19.259999999999998,8
680,101,20230130,12:45:21,4,14.79,143
681,73,20220819,09:48:26,10,142.76999999999998,72
682,27,20231109,07:59:40,3,11.88,58
683,9,20221129,09:49:57,1,2.0,39
684,98,20240728,20:29:42,5,88.56000000000002,88
685,71,20230611,10:31:00,3,17.15,101
686,27,20230117,07:35:59,6,32.739999999999995,36
687,76,20220129,19:53:37,5,28.53,23
688,28,20231122,21:59:32,8,129.01,98
689,30,20230828,11:44:37,9,44.699999999999996,134
690,43,20230131,11:46:52,2,38.44,157
691,100,20221226,10:06:24,5,129.39999999999998,59
692,19,20240410,16:32:56,1,0.85,107
693,101,20240525,18:26:38,4,45.949999999999996,62
694,77,20241121,13:17:25,10,67.55,147
695,1,20231103,16:18:28,8,27.32,40
696,36,20220627,10:08:26,8,129.84,110
697,19,20240331,15:53:44,9,50.64,80
698,17,20220715,16:45:47,3,7.4399999999999995,155
699,70,20230114,12:12:13,6,28.990000000000002,85
700,33,20221015,15:43:22,5,19.04,115
701,23,20240904,10:45:41,7,232.42999999999995,139
702,15,20231025,11:32:34,7,24.9,34
703,85,20230524,16:45:07,6,34.53,53
704,4,20220114,17:35:30,2,111.75,36
705,17,20230619,19:43:47,6,62.22000000000001,149
706,2,20240225,15:56:54,10,137.12,139
707,46,20230428,19:51:00,6,30.42,52
708,101,20240703,09:01:24,7,69.58,36
709,31,20230701,10:03:42,9,191.15,80
710,76,20231107,07:12:17,2,13.16,135
711,42,20230911,11:18:43,3,23.26,35
712,3,20220124,14:09:53,6,33.4,111
713,23,20230620,07:44:50,4,31.700000000000003,38
714,34,20240107,15:13:48,4,30.740000000000002,145
715,7,20230429,07:22:52,2,84.73,41
716,17,20220508,20:06:39,3,62.03,82
717,95,20220831,13:47:41,4,46.88,18
718,54,20240811,18:15:32,1,35.04,143
719,68,20230921,15:44:42,2,2.31,137
720,15,20221124,07:59:24,7,92.33000000000001,31
721,96,20240410,18:26:50,2,49.96,48
722,9,20241026,16:35:03,10,75.57,82
723,61,20230929,06:47:16,2,2.52,38
724,58,20220829,12:39:55,7,93.21000000000001,8
725,100,20230828,20:53:14,8,66.13,82
726,47,20240123,17:48:37,2,10.74,106
727,66,20230329,12:49:46,5,57.61,106
728,76,20230325,12:18:28,3,18.939999999999998,78
729,14,20221001,11:43:04,3,54.36,114
730,58,20240906,11:11:47,7,44.28,71
731,65,20221110,09:24:02,6,39.51,39
732,29,20240720,19:17:35,3,32.14,49
733,79,20240205,14:08:10,2,2.5999999999999996,28
734,6,20240501,14:00:21,5,24.109999999999996,34
735,94,20240822,20:45:59,6,105.39999999999999,48
736,101,20230324,10:02:09,4,59.14,7
737,85,20230522,16:38:03,4,10.239999999999998,157
738,67,20220617,15:31:50,9,70.37,158
739,39,20241212,17:04:50,9,77.67,69
740,59,20240703,16:33:14,3,16.35,156
741,83,20241217,11:33:04,3,21.34,146
742,4,20240111,11:26:34,9,34.05,157
743,8,20220609,18:05:22,7,54.94,60
744,62,20220818,13:56:13,10,88.34,153
745,52,20220507,16:21:23,7,72.55,60
746,55,20241101,15:13:48,10,140.69,60
747,88,20230219,21:35:52,3,9.780000000000001,7
748,14,20221103,06:07:42,10,70.03,92
749,63,20221203,17:28:15,10,153.4,21
750,92,20231103,13:02:43,10,127.81000000000002,123
751,57,20241201,16:24:58,10,47.21,35
752,10,20240623,09:24:16,3,12.71,129
753,11,20220827,15:01:58,3,14.489999999999998,155
754,42,20230225,17:32:51,4,12.270000000000001,121
755,78,20240928,20:31:02,3,5.71,96
756,19,20220706,15:57:41,8,30.52,48
757,9,20241111,12:20:32,7,61.519999999999996,100
758,17,20240701,08:06:10,7,96.38999999999999,126
759,36,20220424,06:40:04,8,81.53,122
760,80,20240717,12:42:40,9,29.189999999999998,36
761,82,20220928,12:55:43,2,29.28,42
762,75,20241117,19:53:06,10,122.25,50
763,71,20240430,12:34:53,8,127.74000000000001,58
764,92,20240724,19:41:52,5,125.91999999999999,9
765,42,20220429,08:47:43,5,32.08,105
766,49,20240804,10:01:29,6,253.18,4
767,77,20230924,16:02:05,4,90.92,70
768,68,20220214,08:03:11,2,37.76,106
769,38,20240321,14:35:04,7,51.25,57
770,59,20230606,13:58:16,5,41.8,52
771,65,20220107,19:24:28,5,242.84,53
772,78,20230323,18:27:20,1,2.52,17
773,56,20220530,06:24:43,5,127.4,46
774,13,20220403,09:34:00,9,190.85,113
775,90,20240517,08:48:47,5,57.7,158
776,15,20231207,07:44:54,3,26.74,126
777,84,20220511,08:22:59,2,3.7,84
778,84,20220504,09:18:50,6,58.629999999999995,118
779,99,20220522,15:38:05,2,19.21,64
780,71,20240824,15:48:59,10,61.88999999999999,110
781,93,20220306,20:24:25,8,57.93,104
782,28,20230811,06:30:10,9,115.48,11
783,56,20240417,13:08:47,1,0.4,156
784,58,20230104,18:50:51,8,83.15,98
785,30,20221005,15:40:09,6,20.61,81
786,53,20240510,15:43:56,7,19.72,101
787,44,20240206,17:00:35,1,4.8,157
788,59,20240223,10:07:02,1,5.26,147
789,52,20240707,06:36:38,4,25.84,153
790,54,20240213,18:34:35,6,41.910000000000004,138
791,94,20240209,08:19:13,4,121.88,135
792,13,20220614,17:13:26,8,28.77,10
793,41,20220930,10:10:11,9,34.160000000000004,134
794,55,20231214,13:39:53,2,3.4,28
795,41,20220831,14:12:07,6,83.07,116
796,86,20230101,11:42:51,1,7.4,117
797,33,20240315,07:54:48,7,73.25,11
798,48,20241219,20:41:35,10,219.97,63
799,20,20220918,08:18:42,6,42.66,133
800,88,20230402,08:16:06,5,151.83,138
801,61,20220108,12:46:37,4,10.18,102
802,9,20220216,21:21:22,8,68.69,11
803,12,20230904,10:42:41,10,85.61,143
804,11,20240806,13:06:18,6,17.769999999999996,100
805,12,20240518,08:57:12,5,38.839999999999996,133
806,56,20241225,16:31:28,4,48.05,13
807,13,20240216,16:39:42,2,29.8,49
808,96,20230416,15:44:37,1,0.75,75
809,95,20230522,10:36:36,6,32.69,113
810,48,20240801,17:51:20,6,29.909999999999997,102
811,17,20231210,19:10:00,7,116.74000000000001,78
812,72,20221114,16:15:50,7,82.75000000000001,74
813,8,20230719,13:45:47,2,1.63,119
814,76,20230122,19:17:53,10,21.13,43
815,72,20220820,17:08:43,5,7.4,109
816,72,20220307,16:56:30,8,89.17000000000003,76
817,43,20240508,20:28:22,4,19.6,157
818,86,20220202,15:31:35,9,27.409999999999997,14
819,16,20230508,09:11:41,3,30.95,133
820,53,20230227,08:53:17,3,26.119999999999997,37
821,46,20220518,10:57:34,6,110.42999999999999,119
822,86,20220726,12:16:46,4,80.28,116
823,97,20220310,08:46:04,1,28.64,24
824,55,20240703,06:54:32,6,28.98,129
825,93,20220410,06:52:37,8,47.63,29
826,7,20230517,18:49:37,3,11.25,47
827,37,20220401,12:58:02,5,50.300000000000004,150
828,77,20240403,14:34:57,2,36.12,140
829,40,20240617,21:41:49,1,0.16,35
830,46,20230425,10:23:25,2,24.11,101
831,14,20230321,13:57:49,10,117.72000000000001,106
832,74,20220426,15:08:29,6,40.32,83
833,65,20221014,08:25:23,3,7.6899999999999995,116
834,28,20241028,06:42:15,1,1.28,7
835,20,20230816,11:48:32,3,52.160000000000004,46
836,85,20230425,10:28:10,8,87.43,117
837,62,20231016,11:36:36,7,70.9,152
838,29,20231019,10:47:46,8,19.96,52
839,14,20230501,21:22:02,6,40.269999999999996,117
840,45,20230911,13:48:31,4,11.8,24
841,72,20221021,13:04:16,3,11.030000000000001,65
842,48,20241203,17:14:02,4,36.65,83
843,15,20230329,12:33:58,3,36.07999999999999,42
844,98,20240426,17:24:30,10,179.88999999999996,32
845,36,20230908,20:56:02,5,50.480000000000004,24
846,74,20230718,07:41:20,1,2.2,30
847,29,20220505,09:45:33,9,114.08,116
848,55,20221225,14:53:47,8,87.11,93
849,72,20240524,14:37:34,3,17.55,22
850,99,20241012,11:24:41,6,90.46000000000001,135
851,80,20220407,18:23:37,1,1.26,99
852,79,20231207,08:33:16,6,210.32,131
853,87,20240220,18:58:14,9,89.14999999999999,157
854,83,20241210,18:22:52,3,15.9,41
855,72,20231015,17:31:50,5,200.65,97
856,4,20240502,21:56:38,1,1.0,141
857,78,20240416,06:32:56,3,48.87,98
858,85,20221102,10:28:10,1,2.9699999999999998,12
859,89,20230907,13:04:32,8,193.28000000000003,44
860,35,20240210,14:13:09,6,114.00999999999999,86
861,4,20230112,11:10:23,9,32.699999999999996,145
862,24,20240827,09:42:14,3,9.430000000000001,39
863,35,20230509,19:51:21,10,134.94000000000003,42
864,90,20230407,09:30:43,7,28.01,38
865,98,20230908,21:30:13,1,81.8,46
866,40,20221023,11:41:53,1,43.2,14
867,44,20240806,19:01:15,1,3.4,108
868,45,20220429,07:08:36,7,41.77,79
869,1,20240425,11:08:40,5,16.96,80
870,24,20240503,07:57:36,8,96.33,115
871,19,20241221,10:03:10,2,19.36,74
872,73,20221002,14:59:11,8,101.11,47
873,85,20240306,18:38:36,8,91.11999999999999,31
874,52,20230513,06:56:46,3,29.45,34
875,9,20230607,15:05:13,6,44.309999999999995,52
876,19,20230221,20:38:30,6,51.78,1
877,95,20231108,21:10:14,6,46.15,160
878,82,20220611,19:38:09,2,84.2,65
879,4,20240710,11:39:42,2,5.779999999999999,4
880,12,20240130,14:10:46,3,3.73,118
881,96,20220709,16:59:29,9,134.20999999999998,128
882,68,20230126,08:14:24,4,6.430000000000001,128
883,28,20220416,18:08:06,1,49.08,140
884,49,20230704,06:12:33,2,9.4,2
885,54,20240212,19:52:09,5,14.629999999999999,156
886,59,20220322,09:11:30,6,134.42000000000002,127
887,44,20220530,07:56:50,6,46.78,61
888,21,20230121,09:05:30,7,110.44000000000001,56
889,48,20230321,10:57:38,10,141.6,151
890,40,20240908,06:57:49,5,51.24999999999999,122
891,93,20230304,19:33:26,8,124.91000000000003,117
892,42,20231113,17:55:02,3,3.95,105
893,100,20230913,19:14:51,10,206.57999999999998,114
894,73,20220201,21:50:49,8,82.75,21
895,77,20230310,18:22:37,1,10.66,154
896,11,20230125,09:27:08,10,138.07999999999998,154
897,7,20220829,14:30:49,7,269.51,2
898,20,20240907,13:58:54,8,94.00999999999999,63
899,21,20230512,08:18:38,3,77.86999999999999,141
900,97,20230223,19:16:12,4,152.26,72
901,80,20240323,06:45:47,1,2.52,159
902,7,20230506,06:36:33,1,1.32,143
903,87,20231021,09:33:00,7,35.97,54
904,11,20230803,18:41:13,8,54.38,13
905,35,20240219,16:26:23,5,41.8,48
906,57,20240812,09:09:27,10,67.02,38
907,85,20241228,14:16:54,4,13.209999999999999,15
908,55,20240106,19:36:23,5,14.58,90
909,63,20230924,14:43:25,9,48.07,10
910,78,20230620,12:26:35,7,45.58,38
911,57,20240107,21:11:23,7,43.38999999999999,9
912,54,20241116,21:16:19,1,4.0,148
913,35,20241015,17:49:45,10,182.93,155
914,28,20240812,18:47:08,4,142.32,77
915,97,20220721,09:47:14,5,16.84,85
916,66,20240819,20:50:44,4,21.580000000000002,23
917,15,20231018,11:06:13,4,77.26999999999998,13
918,45,20230221,18:50:21,8,60.81,28
919,56,20240130,07:10:24,10,139.9,107
920,15,20231003,06:51:05,9,101.69000000000001,46
921,37,20240427,10:30:59,4,8.639999999999999,42
922,87,20220404,19:05:04,10,20.72,73
923,87,20230330,14:14:23,6,30.5,157
924,76,20221026,08:38:02,4,60.010000000000005,153
925,63,20220203,18:59:25,10,61.7,147
926,68,20230619,15:45:38,2,4.6,144
927,86,20240505,07:49:52,5,23.2,46
928,40,20230828,11:40:31,2,3.3499999999999996,117
929,6,20221109,20:00:12,8,76.54,149
930,29,20230206,15:12:02,7,103.63000000000001,93
931,51,20231107,13:39:10,3,84.89999999999999,10
932,77,20230417,07:23:15,7,51.79,24
933,8,20240217,06:10:05,10,123.35000000000001,77
934,1,20230519,14:49:25,6,113.47,83
935,27,20241019,17:42:25,7,70.19999999999999,95
936,39,20231123,18:37:12,1,1.2,98
937,28,20230612,06:47:45,2,49.650000000000006,18
938,99,20240927,08:58:05,8,111.22,110
939,18,20241001,15:46:53,3,40.62,141
940,98,20240801,17:22:52,1,1.98,17
941,33,20221211,14:14:38,9,111.36000000000001,75
942,38,20231223,12:29:59,7,52.589999999999996,121
943,42,20221213,18:36:00,4,55.989999999999995,35
944,16,20221014,14:11:26,5,41.7,32
945,1,20240927,09:35:04,10,104.39000000000001,71
946,64,20230112,15:21:07,5,39.34,85
947,96,20220501,14:56:34,5,11.79,135
948,56,20241209,14:44:28,8,53.8,106
949,23,20220311,18:36:30,6,78.27,135
950,17,20220602,13:48:21,6,198.13,54
951,49,20220410,20:43:29,4,6.79,54
952,69,20220114,06:30:07,5,61.4,157
953,91,20240424,14:04:24,2,35.96,15
954,30,20221009,13:43:44,9,106.49000000000001,28
955,65,20230419,13:51:20,2,67.16,147
956,72,20220520,19:22:33,10,71.21000000000001,136
957,86,20221106,06:44:53,9,95.11000000000001,23
958,46,20220119,14:15:18,5,207.18,124
959,10,20230324,08:25:43,2,10.379999999999999,155
960,51,20241101,16:04:35,3,30.81,74
961,95,20240722,11:30:20,8,53.47,110
962,6,20240204,17:13:57,1,36.0,156
963,56,20220504,14:11:47,7,79.12,82
964,3,20240916,12:31:47,5,28.34,67
965,59,20240926,12:15:47,8,50.19,135
966,10,20220202,13:55:16,4,12.05,148
967,41,20220114,12:14:12,10,164.76999999999998,160
968,74,20241225,13:53:39,8,110.84,91
969,55,20240422,17:09:49,4,40.25,34
970,74,20220125,09:07:58,2,12.19,158
971,52,20220204,08:43:42,1,0.12,145
972,91,20241220,21:39:00,10,172.01999999999998,128
973,82,20230717,07:54:30,4,19.8,134
974,54,20230811,17:39:20,7,73.74,128
975,38,20220205,21:57:56,2,82.8,127
976,15,20241025,14:31:11,3,30.43,47
977,52,20240531,14:25:14,8,18.56,157
978,3,20230103,10:03:33,2,22.580000000000002,60
979,42,20220808,19:30:34,9,102.87,75
980,22,20220717,07:32:22,4,16.21,50
981,80,20241209,18:55:43,1,5.26,1
982,59,20221101,11:29:07,1,6.84,31
983,89,20230509,20:20:44,1,1.8900000000000001,7
984,47,20230129,06:00:43,7,85.43,120
985,12,20241214,12:24:37,9,100.92999999999999,31
986,56,20230601,09:20:23,3,11.43,54
987,14,20231227,14:11:35,2,3.52,158
988,32,20230702,14:15:17,1,49.08,107
989,56,20240323,21:39:21,6,89.4,106
990,76,20220611,17:11:31,6,36.21,12
991,52,20240204,19:13:26,2,18.53,86
992,68,20240411,17:23:54,9,87.79,90
993,11,20240729,18:17:28,8,29.75,144
994,51,20230514,11:36:08,8,230.3,55
995,40,20230408,13:52:06,4,49.25,3
996,96,20230907,14:51:15,10,115.89,52
997,44,20220615,19:54:24,2,34.800000000000004,73
998,29,20220306,12:09:51,4,56.5,66
999,43,20220711,10:30:51,1,3.44,18
1000,100,20240410,06:11:26,2,79.08,79
