id,productId,quantity,price,discount
1,65,5,0.2,0
1,42,1,0.63,0
1,15,3,22.200000000000003,0
1,44,4,2.52,0
1,73,5,12.2,0
2,23,2,1.0,0
3,44,4,2.52,0
3,61,1,3.56,0
3,83,2,0.84,0
3,62,2,4.5,0
3,81,4,4.8,0
3,69,3,6.33,0
4,53,1,0.75,0
4,67,3,3.57,0
4,73,3,7.32,0
4,72,5,10.549999999999999,0
4,3,2,23.6,0
4,74,3,6.84,0
4,46,1,0.63,0
4,20,3,18.240000000000002,0
5,44,4,2.52,0
6,22,5,2.0,0
6,78,4,11.72,0
6,24,5,3.0,0
6,15,3,22.200000000000003,0
6,41,1,0.85,0
6,35,4,2.48,0
6,12,4,28.64,0
6,31,3,1.32,0
6,58,3,7.89,0
7,68,3,8.43,0
7,23,1,0.5,0
7,48,1,0.63,0
7,26,1,0.6,0
8,65,1,0.04,0
8,62,5,11.25,0
8,20,2,12.16,0
8,44,4,2.52,0
8,68,3,8.43,0
8,42,2,1.26,0
8,13,5,35.8,0
8,17,2,15.2,0
9,59,4,13.52,0
10,15,1,7.4,0
10,40,1,0.75,0
10,77,1,1.95,0
10,43,4,3.0,0
10,6,1,16.8,0
10,67,3,3.57,0
10,3,5,59.0,0
10,82,2,1.2,0
10,42,2,1.26,0
11,37,3,1.7999999999999998,0
11,69,3,6.33,0
11,57,1,0.78,0
11,35,2,1.24,0
12,36,1,0.75,0
12,2,5,72.0,0
12,72,5,10.549999999999999,0
13,27,5,3.5,0
13,45,5,3.75,0
14,35,2,1.24,0
14,37,5,3.0,0
14,32,2,1.2,0
14,10,3,24.0,0
14,79,3,7.32,0
14,70,4,8.44,0
15,17,1,7.6,0
16,7,1,15.8,0
16,50,1,0.63,0
16,12,4,28.64,0
16,51,2,1.5,0
16,77,5,9.75,0
16,81,4,4.8,0
16,79,3,7.32,0
16,40,3,2.25,0
17,69,1,2.11,0
17,60,5,14.05,0
17,17,1,7.6,0
17,13,4,28.64,0
18,83,4,1.68,0
18,61,2,7.12,0
18,29,2,1.0,0
18,79,3,7.32,0
18,47,4,3.0,0
19,43,3,2.25,0
19,59,4,13.52,0
19,4,1,16.36,0
20,15,3,22.200000000000003,0
20,62,4,9.0,0
20,22,3,1.2000000000000002,0
20,45,5,3.75,0
20,74,2,4.56,0
20,66,1,0.99,0
20,52,1,0.63,0
20,42,5,3.15,0
21,39,5,4.25,0
21,60,4,11.24,0
22,53,2,1.5,0
22,80,2,0.08,0
22,71,2,4.88,0
22,62,4,9.0,0
22,9,3,54.0,0
22,27,5,3.5,0
22,56,4,2.56,0
22,73,3,7.32,0
22,70,2,4.22,0
22,23,1,0.5,0
23,63,1,0.04,0
23,76,5,11.399999999999999,0
23,60,3,8.43,0
23,72,1,2.11,0
23,57,2,1.56,0
23,40,4,3.0,0
23,9,5,90.0,0
23,14,5,35.8,0
23,49,3,2.25,0
23,64,1,0.04,0
24,28,2,0.8,0
24,75,1,2.28,0
25,20,4,24.32,0
25,69,3,6.33,0
25,50,5,3.15,0
26,58,2,5.26,0
26,27,3,2.0999999999999996,0
26,39,5,4.25,0
26,56,3,1.92,0
26,12,5,35.8,0
26,2,5,72.0,0
26,66,4,3.96,0
26,17,3,22.799999999999997,0
26,8,3,108.0,0
26,71,1,2.44,0
27,72,3,6.33,0
28,37,1,0.6,0
28,31,4,1.76,0
29,51,3,2.25,0
29,49,4,3.0,0
29,56,5,3.2,0
29,28,2,0.8,0
29,61,2,7.12,0
29,25,5,2.2,0
29,50,3,1.8900000000000001,0
29,54,2,1.26,0
29,37,2,1.2,0
29,18,1,8.76,0
30,83,1,0.42,0
30,19,4,20.48,0
31,18,1,8.76,0
31,83,4,1.68,0
31,59,5,16.9,0
31,55,5,5.0,0
31,24,4,2.4,0
31,66,4,3.96,0
31,71,4,9.76,0
32,46,2,1.26,0
32,24,4,2.4,0
32,78,1,2.93,0
32,74,4,9.12,0
32,31,5,2.2,0
32,35,4,2.48,0
32,70,5,10.549999999999999,0
33,5,1,12.0,0
33,73,4,9.76,0
33,48,1,0.63,0
33,75,4,9.12,0
33,11,2,14.32,0
33,68,3,8.43,0
34,67,1,1.19,0
34,79,1,2.44,0
34,32,4,2.4,0
34,81,1,1.2,0
34,82,5,3.0,0
34,75,3,6.84,0
34,7,3,47.400000000000006,0
34,69,1,2.11,0
35,59,5,16.9,0
35,61,5,17.8,0
35,43,4,3.0,0
35,46,3,1.8900000000000001,0
35,38,2,1.5,0
35,5,5,60.0,0
35,39,5,4.25,0
35,34,1,0.49,0
36,75,2,4.56,0
36,74,1,2.28,0
36,38,5,3.75,0
36,4,3,49.08,0
36,63,1,0.04,0
36,17,5,38.0,0
36,10,3,24.0,0
36,33,2,1.4,0
37,36,3,2.25,0
37,33,1,0.7,0
37,15,5,37.0,0
37,23,5,2.5,0
37,20,4,24.32,0
37,48,2,1.26,0
37,34,2,0.98,0
37,63,2,0.08,0
37,68,1,2.81,0
37,44,1,0.63,0
38,77,2,3.9,0
38,64,4,0.16,0
38,50,2,1.26,0
39,82,2,1.2,0
39,27,5,3.5,0
39,45,1,0.75,0
39,83,3,1.26,0
39,15,1,7.4,0
39,22,4,1.6,0
39,52,4,2.52,0
39,39,4,3.4,0
40,30,4,2.4,0
40,50,4,2.52,0
40,34,2,0.98,0
40,68,4,11.24,0
40,2,3,43.2,0
40,58,4,10.52,0
40,41,5,4.25,0
40,6,1,16.8,0
40,69,3,6.33,0
41,79,3,7.32,0
41,43,3,2.25,0
41,35,1,0.62,0
41,33,5,3.5,0
41,51,4,3.0,0
41,31,5,2.2,0
41,25,5,2.2,0
42,24,3,1.7999999999999998,0
42,71,1,2.44,0
42,2,1,14.4,0
42,53,1,0.75,0
42,68,1,2.81,0
42,58,3,7.89,0
43,37,3,1.7999999999999998,0
43,25,1,0.44,0
43,4,5,81.8,0
43,12,1,7.16,0
44,28,5,2.0,0
44,82,1,0.6,0
44,16,1,7.16,0
44,78,2,5.86,0
44,49,5,3.75,0
44,24,1,0.6,0
44,33,3,2.0999999999999996,0
44,60,1,2.81,0
44,59,3,10.14,0
44,55,3,3.0,0
45,21,1,10.66,0
45,36,1,0.75,0
45,49,4,3.0,0
45,43,1,0.75,0
45,34,3,1.47,0
46,57,1,0.78,0
46,63,2,0.08,0
46,79,4,9.76,0
47,83,4,1.68,0
47,14,2,14.32,0
47,70,4,8.44,0
48,79,1,2.44,0
48,57,3,2.34,0
48,14,1,7.16,0
48,10,1,8.0,0
49,33,4,2.8,0
49,3,4,47.2,0
49,20,1,6.08,0
49,5,4,48.0,0
49,35,2,1.24,0
49,43,4,3.0,0
49,74,1,2.28,0
49,66,4,3.96,0
49,62,4,9.0,0
49,52,1,0.63,0
50,29,1,0.5,0
50,50,4,2.52,0
50,16,5,35.8,0
50,69,3,6.33,0
50,43,3,2.25,0
50,52,1,0.63,0
50,81,1,1.2,0
50,47,5,3.75,0
50,44,1,0.63,0
51,38,2,1.5,0
51,23,5,2.5,0
51,6,4,67.2,0
51,25,3,1.32,0
51,50,1,0.63,0
51,81,3,3.5999999999999996,0
51,63,1,0.04,0
51,57,2,1.56,0
52,5,2,24.0,0
52,4,5,81.8,0
52,31,4,1.76,0
53,9,5,90.0,0
53,83,3,1.26,0
53,64,5,0.2,0
53,58,1,2.63,0
53,5,3,36.0,0
53,8,3,108.0,0
53,6,4,67.2,0
54,28,5,2.0,0
54,59,5,16.9,0
55,75,2,4.56,0
55,10,1,8.0,0
55,19,4,20.48,0
56,61,5,17.8,0
57,32,2,1.2,0
58,23,1,0.5,0
59,13,4,28.64,0
59,79,2,4.88,0
59,76,1,2.28,0
59,14,1,7.16,0
59,64,5,0.2,0
60,29,1,0.5,0
60,26,4,2.4,0
60,44,4,2.52,0
60,42,1,0.63,0
60,74,5,11.399999999999999,0
60,18,3,26.28,0
60,28,1,0.4,0
60,76,2,4.56,0
60,43,1,0.75,0
60,16,3,21.48,0
61,54,2,1.26,0
61,48,5,3.15,0
61,22,4,1.6,0
62,75,1,2.28,0
62,18,1,8.76,0
62,81,5,6.0,0
62,49,2,1.5,0
63,63,1,0.04,0
64,1,2,28.8,0
65,84,5,8.6,0
65,37,4,2.4,0
66,17,2,15.2,0
66,19,3,15.36,0
66,67,4,4.76,0
66,53,2,1.5,0
66,23,5,2.5,0
66,5,5,60.0,0
66,24,4,2.4,0
66,79,1,2.44,0
67,45,4,3.0,0
67,1,5,72.0,0
67,31,2,0.88,0
67,16,5,35.8,0
67,13,5,35.8,0
68,70,5,10.549999999999999,0
68,29,4,2.0,0
68,81,2,2.4,0
68,36,1,0.75,0
68,25,1,0.44,0
68,20,4,24.32,0
69,23,2,1.0,0
69,6,1,16.8,0
69,83,3,1.26,0
69,37,2,1.2,0
69,56,3,1.92,0
69,43,5,3.75,0
69,59,1,3.38,0
69,14,1,7.16,0
70,23,2,1.0,0
70,4,4,65.44,0
70,66,1,0.99,0
70,10,2,16.0,0
70,57,5,3.9000000000000004,0
70,75,3,6.84,0
70,54,2,1.26,0
70,42,2,1.26,0
70,15,3,22.200000000000003,0
71,13,2,14.32,0
71,53,2,1.5,0
71,49,2,1.5,0
71,10,4,32.0,0
72,63,1,0.04,0
72,56,2,1.28,0
72,28,5,2.0,0
72,59,2,6.76,0
72,50,3,1.8900000000000001,0
72,18,4,35.04,0
72,25,3,1.32,0
72,35,2,1.24,0
72,43,2,1.5,0
72,5,5,60.0,0
73,36,2,1.5,0
74,60,4,11.24,0
74,54,2,1.26,0
75,29,3,1.5,0
75,78,2,5.86,0
75,82,5,3.0,0
75,22,5,2.0,0
75,71,2,4.88,0
75,12,4,28.64,0
76,63,2,0.08,0
76,76,4,9.12,0
76,60,3,8.43,0
76,2,4,57.6,0
76,32,2,1.2,0
76,42,4,2.52,0
76,75,2,4.56,0
76,20,5,30.4,0
76,1,4,57.6,0
77,6,4,67.2,0
78,5,4,48.0,0
78,68,4,11.24,0
78,62,1,2.25,0
78,58,4,10.52,0
78,31,1,0.44,0
78,72,1,2.11,0
78,53,2,1.5,0
78,17,3,22.799999999999997,0
78,38,2,1.5,0
79,3,4,47.2,0
79,40,2,1.5,0
80,74,5,11.399999999999999,0
80,4,4,65.44,0
80,60,2,5.62,0
80,52,2,1.26,0
80,48,4,2.52,0
80,82,1,0.6,0
80,81,1,1.2,0
80,50,3,1.8900000000000001,0
81,5,3,36.0,0
81,55,3,3.0,0
81,79,5,12.2,0
81,74,2,4.56,0
81,11,5,35.8,0
81,43,1,0.75,0
81,66,3,2.9699999999999998,0
81,7,1,15.8,0
81,50,3,1.8900000000000001,0
82,80,1,0.04,0
82,47,3,2.25,0
82,23,5,2.5,0
82,9,5,90.0,0
82,27,2,1.4,0
82,43,2,1.5,0
82,70,1,2.11,0
82,84,4,6.88,0
83,27,2,1.4,0
83,42,3,1.8900000000000001,0
83,35,5,3.1,0
83,55,3,3.0,0
83,7,1,15.8,0
83,48,3,1.8900000000000001,0
83,58,4,10.52,0
83,65,5,0.2,0
83,16,4,28.64,0
83,69,5,10.549999999999999,0
84,58,5,13.149999999999999,0
84,48,1,0.63,0
84,25,4,1.76,0
84,12,1,7.16,0
84,51,2,1.5,0
85,10,1,8.0,0
85,22,3,1.2000000000000002,0
85,15,2,14.8,0
85,64,2,0.08,0
85,27,5,3.5,0
86,38,4,3.0,0
87,17,4,30.4,0
87,45,4,3.0,0
87,57,1,0.78,0
87,38,2,1.5,0
87,9,1,18.0,0
87,30,5,3.0,0
87,83,3,1.26,0
87,53,5,3.75,0
87,44,3,1.8900000000000001,0
88,76,5,11.399999999999999,0
88,71,4,9.76,0
88,59,3,10.14,0
88,73,2,4.88,0
88,40,2,1.5,0
88,34,2,0.98,0
88,62,3,6.75,0
88,37,1,0.6,0
89,46,3,1.8900000000000001,0
89,59,2,6.76,0
89,80,2,0.08,0
90,37,2,1.2,0
90,23,2,1.0,0
90,21,2,21.32,0
90,15,1,7.4,0
90,41,5,4.25,0
90,17,4,30.4,0
90,34,3,1.47,0
90,24,2,1.2,0
90,72,1,2.11,0
91,45,2,1.5,0
91,48,4,2.52,0
91,70,2,4.22,0
91,69,3,6.33,0
91,16,1,7.16,0
91,52,4,2.52,0
92,59,3,10.14,0
92,20,1,6.08,0
92,70,5,10.549999999999999,0
93,83,3,1.26,0
93,61,3,10.68,0
93,74,2,4.56,0
93,73,4,9.76,0
93,44,1,0.63,0
93,62,1,2.25,0
94,71,1,2.44,0
94,40,1,0.75,0
94,52,5,3.15,0
95,58,3,7.89,0
95,12,3,21.48,0
95,8,5,180.0,0
95,83,2,0.84,0
96,68,2,5.62,0
96,36,2,1.5,0
96,3,1,11.8,0
96,69,4,8.44,0
96,12,5,35.8,0
96,51,2,1.5,0
96,63,3,0.12,0
96,78,5,14.65,0
96,66,1,0.99,0
96,47,4,3.0,0
97,55,3,3.0,0
97,50,3,1.8900000000000001,0
97,2,3,43.2,0
98,45,3,2.25,0
98,58,5,13.149999999999999,0
98,12,2,14.32,0
98,57,4,3.12,0
98,37,2,1.2,0
98,55,4,4.0,0
99,76,5,11.399999999999999,0
99,12,2,14.32,0
99,27,3,2.0999999999999996,0
100,68,3,8.43,0
100,9,5,90.0,0
100,49,1,0.75,0
100,1,4,57.6,0
100,82,3,1.7999999999999998,0
100,54,2,1.26,0
100,72,4,8.44,0
100,73,2,4.88,0
101,24,4,2.4,0
101,38,5,3.75,0
101,63,1,0.04,0
101,39,5,4.25,0
102,64,5,0.2,0
102,60,2,5.62,0
102,4,1,16.36,0
102,20,3,18.240000000000002,0
102,39,4,3.4,0
103,84,3,5.16,0
103,54,2,1.26,0
104,83,2,0.84,0
104,4,1,16.36,0
104,36,4,3.0,0
104,9,5,90.0,0
104,47,5,3.75,0
104,62,5,11.25,0
104,56,3,1.92,0
104,81,4,4.8,0
105,48,5,3.15,0
105,74,1,2.28,0
106,21,5,53.3,0
106,8,2,72.0,0
106,41,4,3.4,0
106,18,3,26.28,0
106,7,3,47.400000000000006,0
107,54,3,1.8900000000000001,0
107,7,3,47.400000000000006,0
107,38,5,3.75,0
107,82,1,0.6,0
107,66,2,1.98,0
107,81,2,2.4,0
108,77,2,3.9,0
108,70,3,6.33,0
109,39,3,2.55,0
109,47,1,0.75,0
109,69,5,10.549999999999999,0
109,46,2,1.26,0
109,2,2,28.8,0
109,67,3,3.57,0
110,63,4,0.16,0
110,44,2,1.26,0
110,14,2,14.32,0
110,20,5,30.4,0
110,29,2,1.0,0
110,72,5,10.549999999999999,0
111,69,5,10.549999999999999,0
111,15,4,29.6,0
111,59,1,3.38,0
111,17,1,7.6,0
111,62,3,6.75,0
111,40,3,2.25,0
111,18,4,35.04,0
111,77,5,9.75,0
111,44,2,1.26,0
112,4,1,16.36,0
112,29,2,1.0,0
112,19,2,10.24,0
112,40,2,1.5,0
112,27,2,1.4,0
113,55,1,1.0,0
113,10,1,8.0,0
114,56,1,0.64,0
114,26,1,0.6,0
114,5,5,60.0,0
114,76,1,2.28,0
114,61,1,3.56,0
114,33,1,0.7,0
114,9,3,54.0,0
114,2,1,14.4,0
115,78,2,5.86,0
115,76,2,4.56,0
116,45,1,0.75,0
116,12,2,14.32,0
116,36,5,3.75,0
117,46,2,1.26,0
117,65,5,0.2,0
117,31,5,2.2,0
117,73,1,2.44,0
117,13,5,35.8,0
117,2,5,72.0,0
118,25,3,1.32,0
118,22,5,2.0,0
118,1,1,14.4,0
118,28,5,2.0,0
119,47,5,3.75,0
119,24,4,2.4,0
119,14,2,14.32,0
119,46,4,2.52,0
119,55,2,2.0,0
119,66,2,1.98,0
119,53,1,0.75,0
119,41,1,0.85,0
120,15,5,37.0,0
120,18,4,35.04,0
120,47,3,2.25,0
120,72,1,2.11,0
120,11,3,21.48,0
120,64,1,0.04,0
120,50,3,1.8900000000000001,0
120,59,5,16.9,0
121,57,2,1.56,0
121,71,4,9.76,0
121,38,4,3.0,0
121,25,1,0.44,0
121,61,3,10.68,0
122,2,4,57.6,0
122,14,4,28.64,0
122,57,5,3.9000000000000004,0
123,16,2,14.32,0
123,51,4,3.0,0
124,14,2,14.32,0
124,9,3,54.0,0
124,26,3,1.7999999999999998,0
124,77,4,7.8,0
124,16,2,14.32,0
124,55,4,4.0,0
124,36,5,3.75,0
124,76,3,6.84,0
124,83,4,1.68,0
124,46,4,2.52,0
125,52,4,2.52,0
125,66,3,2.9699999999999998,0
125,19,4,20.48,0
125,14,1,7.16,0
125,33,4,2.8,0
125,64,2,0.08,0
125,81,2,2.4,0
125,4,1,16.36,0
125,7,1,15.8,0
125,23,4,2.0,0
126,42,2,1.26,0
126,39,5,4.25,0
126,80,1,0.04,0
126,10,5,40.0,0
126,64,4,0.16,0
126,26,3,1.7999999999999998,0
126,63,5,0.2,0
126,34,5,2.45,0
126,44,5,3.15,0
126,70,1,2.11,0
127,56,1,0.64,0
128,58,3,7.89,0
128,49,4,3.0,0
128,59,1,3.38,0
128,5,2,24.0,0
128,72,3,6.33,0
128,22,4,1.6,0
128,56,2,1.28,0
129,50,4,2.52,0
129,15,5,37.0,0
129,63,5,0.2,0
129,70,5,10.549999999999999,0
129,61,4,14.24,0
130,21,5,53.3,0
130,8,4,144.0,0
130,34,4,1.96,0
130,76,4,9.12,0
130,79,3,7.32,0
130,37,3,1.7999999999999998,0
130,4,5,81.8,0
130,6,2,33.6,0
130,47,3,2.25,0
131,4,3,49.08,0
131,49,1,0.75,0
131,55,3,3.0,0
131,46,4,2.52,0
131,45,1,0.75,0
131,32,2,1.2,0
131,31,3,1.32,0
131,76,1,2.28,0
131,9,3,54.0,0
131,15,3,22.200000000000003,0
132,3,5,59.0,0
132,42,1,0.63,0
132,59,4,13.52,0
133,66,4,3.96,0
133,35,1,0.62,0
133,61,5,17.8,0
133,3,3,35.400000000000006,0
133,49,5,3.75,0
133,50,3,1.8900000000000001,0
133,74,1,2.28,0
133,63,1,0.04,0
133,27,3,2.0999999999999996,0
133,64,5,0.2,0
134,22,5,2.0,0
134,39,3,2.55,0
134,56,2,1.28,0
134,64,1,0.04,0
134,69,2,4.22,0
134,37,3,1.7999999999999998,0
135,39,5,4.25,0
136,29,5,2.5,0
136,12,5,35.8,0
136,13,5,35.8,0
136,44,3,1.8900000000000001,0
136,9,5,90.0,0
136,68,4,11.24,0
136,55,2,2.0,0
137,10,3,24.0,0
137,65,3,0.12,0
137,56,5,3.2,0
137,41,2,1.7,0
137,54,4,2.52,0
137,33,5,3.5,0
138,59,5,16.9,0
138,24,1,0.6,0
138,81,5,6.0,0
138,74,4,9.12,0
138,28,4,1.6,0
138,35,5,3.1,0
138,79,4,9.76,0
138,73,1,2.44,0
138,67,2,2.38,0
139,60,2,5.62,0
139,31,2,0.88,0
139,39,4,3.4,0
139,53,3,2.25,0
139,9,2,36.0,0
139,35,3,1.8599999999999999,0
140,33,5,3.5,0
140,31,4,1.76,0
140,15,2,14.8,0
141,4,2,32.72,0
141,40,4,3.0,0
141,63,5,0.2,0
141,56,4,2.56,0
142,26,2,1.2,0
143,18,1,8.76,0
143,34,3,1.47,0
143,71,2,4.88,0
143,83,1,0.42,0
143,63,1,0.04,0
144,11,3,21.48,0
145,39,1,0.85,0
145,53,3,2.25,0
145,12,4,28.64,0
145,18,2,17.52,0
145,15,5,37.0,0
145,65,1,0.04,0
145,67,5,5.949999999999999,0
145,68,3,8.43,0
145,64,1,0.04,0
145,31,5,2.2,0
146,41,3,2.55,0
146,75,4,9.12,0
147,55,2,2.0,0
147,19,1,5.12,0
147,23,2,1.0,0
147,36,4,3.0,0
148,33,5,3.5,0
148,8,4,144.0,0
148,69,3,6.33,0
148,15,3,22.200000000000003,0
148,70,4,8.44,0
148,61,2,7.12,0
148,36,2,1.5,0
149,61,3,10.68,0
149,40,1,0.75,0
149,83,5,2.1,0
149,5,1,12.0,0
149,31,3,1.32,0
149,71,4,9.76,0
150,82,3,1.7999999999999998,0
150,16,5,35.8,0
150,31,4,1.76,0
150,50,1,0.63,0
150,51,3,2.25,0
151,12,2,14.32,0
151,39,2,1.7,0
151,21,4,42.64,0
151,81,3,3.5999999999999996,0
151,83,4,1.68,0
152,36,1,0.75,0
153,61,4,14.24,0
153,43,4,3.0,0
153,13,2,14.32,0
153,34,5,2.45,0
153,9,3,54.0,0
153,54,5,3.15,0
153,71,3,7.32,0
153,59,1,3.38,0
154,83,2,0.84,0
155,83,2,0.84,0
155,1,4,57.6,0
155,26,3,1.7999999999999998,0
155,41,5,4.25,0
155,11,1,7.16,0
155,21,2,21.32,0
155,67,2,2.38,0
155,77,4,7.8,0
156,58,4,10.52,0
156,18,3,26.28,0
156,23,5,2.5,0
156,42,3,1.8900000000000001,0
156,26,1,0.6,0
156,54,3,1.8900000000000001,0
157,51,4,3.0,0
157,74,2,4.56,0
157,3,1,11.8,0
158,83,5,2.1,0
158,81,2,2.4,0
158,12,4,28.64,0
158,26,3,1.7999999999999998,0
158,22,1,0.4,0
158,52,5,3.15,0
158,55,5,5.0,0
158,34,2,0.98,0
158,48,2,1.26,0
159,16,1,7.16,0
159,68,4,11.24,0
159,59,4,13.52,0
159,29,2,1.0,0
159,25,3,1.32,0
159,37,4,2.4,0
159,49,2,1.5,0
159,56,2,1.28,0
159,77,2,3.9,0
159,54,2,1.26,0
160,19,1,5.12,0
160,38,3,2.25,0
160,31,5,2.2,0
160,58,2,5.26,0
160,48,5,3.15,0
160,83,4,1.68,0
160,11,1,7.16,0
161,18,3,26.28,0
161,51,2,1.5,0
161,50,4,2.52,0
161,77,3,5.85,0
161,10,1,8.0,0
161,72,1,2.11,0
161,7,3,47.400000000000006,0
161,31,4,1.76,0
162,78,5,14.65,0
162,6,1,16.8,0
162,33,5,3.5,0
162,80,4,0.16,0
162,39,4,3.4,0
162,48,2,1.26,0
163,6,5,84.0,0
163,23,3,1.5,0
163,22,5,2.0,0
163,64,3,0.12,0
163,60,2,5.62,0
163,12,3,21.48,0
163,68,4,11.24,0
163,19,3,15.36,0
163,15,3,22.200000000000003,0
164,17,4,30.4,0
165,47,4,3.0,0
165,37,3,1.7999999999999998,0
165,79,3,7.32,0
165,67,3,3.57,0
165,56,2,1.28,0
166,63,2,0.08,0
166,72,4,8.44,0
166,7,2,31.6,0
166,20,1,6.08,0
166,30,2,1.2,0
166,5,4,48.0,0
167,21,4,42.64,0
167,56,1,0.64,0
167,64,1,0.04,0
167,57,3,2.34,0
167,72,4,8.44,0
168,64,1,0.04,0
168,19,1,5.12,0
168,45,1,0.75,0
168,27,3,2.0999999999999996,0
168,24,2,1.2,0
168,66,3,2.9699999999999998,0
168,73,5,12.2,0
168,28,5,2.0,0
169,68,5,14.05,0
170,54,1,0.63,0
170,32,4,2.4,0
170,13,3,21.48,0
171,37,1,0.6,0
172,48,5,3.15,0
172,14,3,21.48,0
172,20,1,6.08,0
172,11,4,28.64,0
172,62,4,9.0,0
172,81,3,3.5999999999999996,0
172,77,1,1.95,0
173,6,5,84.0,0
173,58,3,7.89,0
173,73,2,4.88,0
173,28,1,0.4,0
173,83,3,1.26,0
173,42,1,0.63,0
174,71,5,12.2,0
174,49,1,0.75,0
175,33,2,1.4,0
175,31,4,1.76,0
175,12,1,7.16,0
175,27,2,1.4,0
175,50,4,2.52,0
175,37,2,1.2,0
175,16,3,21.48,0
176,56,3,1.92,0
176,78,2,5.86,0
176,46,1,0.63,0
176,48,5,3.15,0
176,26,4,2.4,0
176,58,4,10.52,0
176,61,3,10.68,0
176,73,5,12.2,0
177,12,4,28.64,0
177,48,5,3.15,0
177,24,4,2.4,0
177,81,4,4.8,0
177,6,5,84.0,0
177,44,4,2.52,0
177,29,2,1.0,0
178,68,5,14.05,0
178,11,3,21.48,0
178,60,4,11.24,0
178,62,3,6.75,0
178,20,2,12.16,0
178,39,2,1.7,0
178,67,4,4.76,0
178,38,5,3.75,0
179,71,1,2.44,0
180,66,1,0.99,0
181,55,4,4.0,0
181,13,4,28.64,0
181,73,3,7.32,0
181,46,3,1.8900000000000001,0
181,75,1,2.28,0
181,65,1,0.04,0
181,15,4,29.6,0
181,23,2,1.0,0
181,51,1,0.75,0
182,54,3,1.8900000000000001,0
182,41,5,4.25,0
183,58,5,13.149999999999999,0
183,34,3,1.47,0
183,24,2,1.2,0
183,11,5,35.8,0
183,14,4,28.64,0
183,69,1,2.11,0
183,1,4,57.6,0
183,15,1,7.4,0
184,84,4,6.88,0
184,59,4,13.52,0
184,78,4,11.72,0
185,80,5,0.2,0
185,47,4,3.0,0
185,39,1,0.85,0
185,17,2,15.2,0
185,2,2,28.8,0
186,3,2,23.6,0
186,4,2,32.72,0
187,84,2,3.44,0
187,31,4,1.76,0
187,81,5,6.0,0
187,25,1,0.44,0
187,39,4,3.4,0
187,19,4,20.48,0
187,55,1,1.0,0
187,15,2,14.8,0
188,57,4,3.12,0
188,61,1,3.56,0
188,58,5,13.149999999999999,0
189,26,3,1.7999999999999998,0
189,73,4,9.76,0
189,7,3,47.400000000000006,0
189,2,1,14.4,0
190,54,4,2.52,0
190,75,5,11.399999999999999,0
190,71,3,7.32,0
190,5,4,48.0,0
190,52,4,2.52,0
190,66,5,4.95,0
190,79,4,9.76,0
191,8,5,180.0,0
191,3,4,47.2,0
191,74,3,6.84,0
191,71,1,2.44,0
192,83,4,1.68,0
192,61,1,3.56,0
192,64,5,0.2,0
192,45,4,3.0,0
192,56,1,0.64,0
193,37,2,1.2,0
193,61,3,10.68,0
193,57,2,1.56,0
194,29,5,2.5,0
194,44,5,3.15,0
194,60,2,5.62,0
194,38,4,3.0,0
194,54,3,1.8900000000000001,0
194,61,2,7.12,0
194,80,2,0.08,0
194,37,1,0.6,0
194,62,2,4.5,0
195,26,2,1.2,0
195,78,4,11.72,0
195,13,4,28.64,0
196,39,2,1.7,0
196,27,5,3.5,0
196,7,1,15.8,0
196,46,3,1.8900000000000001,0
196,21,2,21.32,0
196,65,1,0.04,0
196,9,3,54.0,0
196,56,1,0.64,0
197,30,1,0.6,0
197,72,2,4.22,0
197,63,3,0.12,0
197,44,3,1.8900000000000001,0
197,6,5,84.0,0
197,35,2,1.24,0
197,66,5,4.95,0
197,14,1,7.16,0
197,57,4,3.12,0
197,15,1,7.4,0
198,79,1,2.44,0
198,72,1,2.11,0
198,65,1,0.04,0
198,22,1,0.4,0
198,27,3,2.0999999999999996,0
198,21,3,31.98,0
198,57,5,3.9000000000000004,0
198,64,1,0.04,0
198,20,3,18.240000000000002,0
198,43,2,1.5,0
199,26,4,2.4,0
199,54,1,0.63,0
200,61,3,10.68,0
200,37,5,3.0,0
200,22,1,0.4,0
200,35,3,1.8599999999999999,0
201,47,2,1.5,0
201,20,5,30.4,0
201,54,2,1.26,0
201,18,4,35.04,0
201,53,4,3.0,0
201,59,5,16.9,0
201,4,4,65.44,0
202,2,5,72.0,0
202,9,1,18.0,0
202,44,3,1.8900000000000001,0
203,22,4,1.6,0
203,8,4,144.0,0
203,5,2,24.0,0
203,74,1,2.28,0
203,81,5,6.0,0
203,38,4,3.0,0
203,52,5,3.15,0
204,41,3,2.55,0
204,2,3,43.2,0
204,68,5,14.05,0
204,19,4,20.48,0
204,58,2,5.26,0
205,80,5,0.2,0
205,84,4,6.88,0
205,45,4,3.0,0
205,26,3,1.7999999999999998,0
205,11,1,7.16,0
205,69,3,6.33,0
205,50,2,1.26,0
205,67,5,5.949999999999999,0
205,37,2,1.2,0
206,66,5,4.95,0
206,40,5,3.75,0
207,82,2,1.2,0
207,3,1,11.8,0
207,70,5,10.549999999999999,0
207,34,2,0.98,0
207,39,4,3.4,0
207,65,1,0.04,0
208,48,3,1.8900000000000001,0
209,46,1,0.63,0
209,7,1,15.8,0
209,58,3,7.89,0
209,74,1,2.28,0
209,59,3,10.14,0
209,31,5,2.2,0
209,73,5,12.2,0
209,77,2,3.9,0
209,45,3,2.25,0
210,74,2,4.56,0
210,49,5,3.75,0
210,32,1,0.6,0
210,42,5,3.15,0
210,75,2,4.56,0
211,59,1,3.38,0
211,19,4,20.48,0
211,53,1,0.75,0
211,12,1,7.16,0
211,55,2,2.0,0
211,61,2,7.12,0
212,10,3,24.0,0
212,68,4,11.24,0
212,76,5,11.399999999999999,0
212,67,4,4.76,0
212,34,5,2.45,0
212,64,4,0.16,0
212,57,4,3.12,0
212,54,2,1.26,0
213,65,2,0.08,0
213,63,4,0.16,0
213,17,5,38.0,0
214,16,2,14.32,0
214,59,4,13.52,0
214,5,2,24.0,0
214,72,3,6.33,0
214,78,4,11.72,0
214,15,1,7.4,0
214,48,5,3.15,0
214,38,1,0.75,0
214,67,2,2.38,0
215,48,3,1.8900000000000001,0
215,39,3,2.55,0
216,4,2,32.72,0
216,19,5,25.6,0
216,54,1,0.63,0
216,40,3,2.25,0
216,28,2,0.8,0
216,63,1,0.04,0
216,16,5,35.8,0
216,45,1,0.75,0
217,54,4,2.52,0
218,40,5,3.75,0
218,58,3,7.89,0
218,49,4,3.0,0
218,78,2,5.86,0
218,18,5,43.8,0
218,82,4,2.4,0
218,20,3,18.240000000000002,0
218,12,5,35.8,0
218,80,4,0.16,0
218,50,2,1.26,0
219,44,5,3.15,0
219,6,4,67.2,0
219,36,1,0.75,0
219,22,1,0.4,0
219,74,3,6.84,0
219,72,1,2.11,0
219,83,5,2.1,0
220,25,5,2.2,0
220,70,5,10.549999999999999,0
221,73,5,12.2,0
222,61,5,17.8,0
222,3,1,11.8,0
222,69,2,4.22,0
222,36,2,1.5,0
223,75,4,9.12,0
223,11,5,35.8,0
223,78,3,8.790000000000001,0
223,52,5,3.15,0
224,63,1,0.04,0
225,56,2,1.28,0
225,54,1,0.63,0
225,68,3,8.43,0
225,49,3,2.25,0
225,12,1,7.16,0
225,13,5,35.8,0
226,37,2,1.2,0
226,24,3,1.7999999999999998,0
226,12,2,14.32,0
227,53,2,1.5,0
227,8,5,180.0,0
227,42,2,1.26,0
227,4,1,16.36,0
227,39,4,3.4,0
228,41,2,1.7,0
228,53,3,2.25,0
229,49,1,0.75,0
229,7,2,31.6,0
229,31,5,2.2,0
229,76,2,4.56,0
229,64,5,0.2,0
230,50,1,0.63,0
230,35,1,0.62,0
230,41,4,3.4,0
230,71,4,9.76,0
230,9,4,72.0,0
230,4,4,65.44,0
230,82,2,1.2,0
230,3,3,35.400000000000006,0
230,76,1,2.28,0
231,72,2,4.22,0
231,39,5,4.25,0
231,53,4,3.0,0
231,11,5,35.8,0
232,19,3,15.36,0
232,70,2,4.22,0
232,32,5,3.0,0
232,55,5,5.0,0
233,6,1,16.8,0
233,60,5,14.05,0
233,38,2,1.5,0
233,1,1,14.4,0
233,62,3,6.75,0
233,77,3,5.85,0
233,49,3,2.25,0
233,81,2,2.4,0
234,66,3,2.9699999999999998,0
234,6,2,33.6,0
234,69,5,10.549999999999999,0
234,9,3,54.0,0
234,12,4,28.64,0
234,16,2,14.32,0
234,72,3,6.33,0
234,56,2,1.28,0
234,79,5,12.2,0
234,41,3,2.55,0
235,58,3,7.89,0
235,32,3,1.7999999999999998,0
235,44,2,1.26,0
235,59,5,16.9,0
235,43,1,0.75,0
236,83,1,0.42,0
236,78,4,11.72,0
236,1,1,14.4,0
237,53,5,3.75,0
237,63,4,0.16,0
237,69,1,2.11,0
238,69,1,2.11,0
238,57,1,0.78,0
239,49,5,3.75,0
239,46,4,2.52,0
239,23,1,0.5,0
239,16,4,28.64,0
239,48,2,1.26,0
239,57,1,0.78,0
240,3,3,35.400000000000006,0
240,46,2,1.26,0
240,12,5,35.8,0
240,81,3,3.5999999999999996,0
241,30,4,2.4,0
241,47,1,0.75,0
241,36,4,3.0,0
241,78,2,5.86,0
242,26,4,2.4,0
243,36,5,3.75,0
243,65,4,0.16,0
244,71,2,4.88,0
244,73,5,12.2,0
244,23,1,0.5,0
245,17,1,7.6,0
245,34,5,2.45,0
245,30,5,3.0,0
245,36,2,1.5,0
245,3,5,59.0,0
245,79,3,7.32,0
245,72,4,8.44,0
245,1,4,57.6,0
245,83,1,0.42,0
245,42,4,2.52,0
246,36,1,0.75,0
246,67,4,4.76,0
246,64,3,0.12,0
246,6,2,33.6,0
246,7,3,47.400000000000006,0
246,54,5,3.15,0
246,58,3,7.89,0
247,51,2,1.5,0
248,11,5,35.8,0
248,4,2,32.72,0
248,55,1,1.0,0
248,32,2,1.2,0
248,22,3,1.2000000000000002,0
248,40,1,0.75,0
249,4,4,65.44,0
249,56,1,0.64,0
250,81,3,3.5999999999999996,0
250,33,2,1.4,0
250,14,4,28.64,0
250,31,3,1.32,0
250,7,3,47.400000000000006,0
250,67,2,2.38,0
250,10,5,40.0,0
250,80,4,0.16,0
250,13,4,28.64,0
250,75,1,2.28,0
251,8,1,36.0,0
251,49,3,2.25,0
252,17,1,7.6,0
252,57,1,0.78,0
253,79,4,9.76,0
253,9,1,18.0,0
253,8,5,180.0,0
253,7,3,47.400000000000006,0
253,49,4,3.0,0
254,80,4,0.16,0
254,30,5,3.0,0
255,2,4,57.6,0
255,50,4,2.52,0
255,55,5,5.0,0
255,80,1,0.04,0
255,44,1,0.63,0
255,59,5,16.9,0
255,43,5,3.75,0
255,25,1,0.44,0
255,14,1,7.16,0
255,77,1,1.95,0
256,25,5,2.2,0
256,17,5,38.0,0
256,33,3,2.0999999999999996,0
256,54,4,2.52,0
256,80,4,0.16,0
256,24,2,1.2,0
256,18,1,8.76,0
256,8,2,72.0,0
256,40,5,3.75,0
256,56,5,3.2,0
257,40,5,3.75,0
257,70,2,4.22,0
257,19,4,20.48,0
257,78,3,8.790000000000001,0
257,38,3,2.25,0
257,2,5,72.0,0
258,19,1,5.12,0
258,31,5,2.2,0
258,72,1,2.11,0
258,55,3,3.0,0
258,26,2,1.2,0
258,82,2,1.2,0
258,9,3,54.0,0
258,25,4,1.76,0
258,60,5,14.05,0
258,43,5,3.75,0
259,43,5,3.75,0
259,39,4,3.4,0
259,21,1,10.66,0
259,59,1,3.38,0
259,64,2,0.08,0
259,1,2,28.8,0
259,30,4,2.4,0
259,80,2,0.08,0
259,31,4,1.76,0
259,49,2,1.5,0
260,24,1,0.6,0
260,47,1,0.75,0
260,10,3,24.0,0
260,4,5,81.8,0
260,15,2,14.8,0
260,38,4,3.0,0
260,25,5,2.2,0
261,6,1,16.8,0
261,26,2,1.2,0
261,37,2,1.2,0
261,29,3,1.5,0
261,23,3,1.5,0
261,71,2,4.88,0
262,26,1,0.6,0
262,23,3,1.5,0
262,13,1,7.16,0
263,49,1,0.75,0
263,44,2,1.26,0
263,40,4,3.0,0
264,48,3,1.8900000000000001,0
264,22,5,2.0,0
264,80,4,0.16,0
264,9,1,18.0,0
265,17,2,15.2,0
265,25,5,2.2,0
265,49,3,2.25,0
266,77,4,7.8,0
266,82,2,1.2,0
266,6,5,84.0,0
266,76,2,4.56,0
266,69,3,6.33,0
266,20,3,18.240000000000002,0
267,7,3,47.400000000000006,0
267,17,5,38.0,0
267,75,4,9.12,0
267,27,1,0.7,0
268,79,1,2.44,0
268,22,5,2.0,0
268,50,5,3.15,0
268,48,4,2.52,0
268,67,4,4.76,0
268,23,3,1.5,0
268,68,4,11.24,0
268,64,4,0.16,0
269,75,4,9.12,0
269,82,5,3.0,0
269,84,1,1.72,0
269,27,2,1.4,0
269,26,4,2.4,0
270,51,2,1.5,0
270,40,4,3.0,0
270,49,5,3.75,0
270,21,3,31.98,0
271,71,1,2.44,0
271,18,1,8.76,0
271,38,4,3.0,0
271,67,3,3.57,0
271,30,5,3.0,0
272,60,5,14.05,0
273,44,4,2.52,0
273,58,4,10.52,0
273,56,4,2.56,0
273,48,4,2.52,0
273,41,3,2.55,0
273,49,1,0.75,0
273,23,4,2.0,0
273,30,3,1.7999999999999998,0
273,83,1,0.42,0
273,46,1,0.63,0
274,65,5,0.2,0
274,70,1,2.11,0
274,36,2,1.5,0
274,13,1,7.16,0
274,10,3,24.0,0
275,70,2,4.22,0
276,26,3,1.7999999999999998,0
276,33,3,2.0999999999999996,0
276,36,2,1.5,0
276,78,2,5.86,0
276,70,3,6.33,0
276,2,3,43.2,0
277,45,4,3.0,0
277,52,5,3.15,0
277,84,1,1.72,0
277,61,5,17.8,0
277,20,4,24.32,0
278,30,2,1.2,0
278,61,2,7.12,0
278,67,5,5.949999999999999,0
278,71,4,9.76,0
279,44,1,0.63,0
279,41,2,1.7,0
279,55,4,4.0,0
279,27,4,2.8,0
279,58,5,13.149999999999999,0
279,4,3,49.08,0
279,18,5,43.8,0
279,17,3,22.799999999999997,0
280,64,3,0.12,0
281,29,4,2.0,0
281,55,4,4.0,0
281,69,3,6.33,0
281,42,5,3.15,0
281,3,5,59.0,0
281,5,2,24.0,0
282,43,5,3.75,0
282,81,5,6.0,0
282,78,5,14.65,0
283,49,2,1.5,0
283,51,1,0.75,0
283,69,4,8.44,0
283,25,4,1.76,0
283,14,3,21.48,0
283,73,4,9.76,0
283,82,3,1.7999999999999998,0
284,22,1,0.4,0
284,71,2,4.88,0
285,78,4,11.72,0
286,24,2,1.2,0
287,50,3,1.8900000000000001,0
287,27,2,1.4,0
288,68,1,2.81,0
288,59,1,3.38,0
288,48,5,3.15,0
288,2,2,28.8,0
288,42,4,2.52,0
289,21,1,10.66,0
289,17,5,38.0,0
289,54,4,2.52,0
289,9,4,72.0,0
289,27,2,1.4,0
289,40,4,3.0,0
289,61,2,7.12,0
290,74,3,6.84,0
290,76,2,4.56,0
290,65,4,0.16,0
290,36,2,1.5,0
290,1,2,28.8,0
290,58,1,2.63,0
290,52,5,3.15,0
290,32,5,3.0,0
290,43,5,3.75,0
290,63,4,0.16,0
291,74,1,2.28,0
291,12,3,21.48,0
291,83,4,1.68,0
291,45,3,2.25,0
291,51,5,3.75,0
291,23,4,2.0,0
291,32,2,1.2,0
291,80,4,0.16,0
292,50,2,1.26,0
292,73,1,2.44,0
292,51,1,0.75,0
292,31,2,0.88,0
292,36,5,3.75,0
292,38,1,0.75,0
292,28,4,1.6,0
292,53,5,3.75,0
293,48,1,0.63,0
293,14,5,35.8,0
294,53,4,3.0,0
294,22,3,1.2000000000000002,0
294,27,5,3.5,0
294,6,4,67.2,0
294,4,1,16.36,0
294,82,4,2.4,0
295,44,4,2.52,0
295,25,4,1.76,0
295,5,1,12.0,0
295,33,1,0.7,0
295,18,3,26.28,0
295,60,4,11.24,0
295,9,1,18.0,0
296,32,4,2.4,0
296,18,4,35.04,0
296,36,2,1.5,0
296,22,1,0.4,0
296,78,1,2.93,0
296,23,3,1.5,0
296,16,5,35.8,0
296,51,2,1.5,0
296,10,1,8.0,0
297,20,4,24.32,0
297,46,2,1.26,0
297,28,1,0.4,0
297,69,2,4.22,0
297,57,1,0.78,0
298,83,1,0.42,0
298,50,3,1.8900000000000001,0
298,57,1,0.78,0
298,77,1,1.95,0
298,7,4,63.2,0
298,26,2,1.2,0
298,48,2,1.26,0
298,12,1,7.16,0
298,54,1,0.63,0
299,44,2,1.26,0
300,29,1,0.5,0
300,22,2,0.8,0
301,54,5,3.15,0
302,42,3,1.8900000000000001,0
302,72,2,4.22,0
303,27,5,3.5,0
303,51,4,3.0,0
303,16,2,14.32,0
303,28,1,0.4,0
303,46,3,1.8900000000000001,0
303,23,1,0.5,0
303,52,3,1.8900000000000001,0
303,2,4,57.6,0
303,59,2,6.76,0
303,9,3,54.0,0
304,48,1,0.63,0
304,9,2,36.0,0
304,53,3,2.25,0
304,77,4,7.8,0
304,14,5,35.8,0
304,73,2,4.88,0
304,33,1,0.7,0
304,42,4,2.52,0
304,18,3,26.28,0
304,23,3,1.5,0
305,9,3,54.0,0
305,3,5,59.0,0
305,75,4,9.12,0
305,49,5,3.75,0
305,82,2,1.2,0
305,65,5,0.2,0
305,2,2,28.8,0
305,79,1,2.44,0
306,31,4,1.76,0
306,32,5,3.0,0
306,11,1,7.16,0
306,18,3,26.28,0
306,64,3,0.12,0
307,20,4,24.32,0
307,27,1,0.7,0
307,31,5,2.2,0
307,57,3,2.34,0
308,36,3,2.25,0
308,83,1,0.42,0
308,67,4,4.76,0
309,4,2,32.72,0
309,43,3,2.25,0
309,32,2,1.2,0
309,70,1,2.11,0
309,29,5,2.5,0
310,67,3,3.57,0
310,24,4,2.4,0
310,81,1,1.2,0
310,9,4,72.0,0
310,25,1,0.44,0
310,82,2,1.2,0
310,27,2,1.4,0
311,23,5,2.5,0
311,71,2,4.88,0
312,65,1,0.04,0
312,55,4,4.0,0
312,40,2,1.5,0
312,26,2,1.2,0
313,23,5,2.5,0
313,32,3,1.7999999999999998,0
313,37,5,3.0,0
313,58,2,5.26,0
313,35,4,2.48,0
313,11,3,21.48,0
313,51,4,3.0,0
314,61,4,14.24,0
314,55,5,5.0,0
314,79,4,9.76,0
315,62,1,2.25,0
315,49,4,3.0,0
315,11,3,21.48,0
316,69,2,4.22,0
316,71,2,4.88,0
316,33,4,2.8,0
316,60,3,8.43,0
316,59,3,10.14,0
316,49,5,3.75,0
316,78,4,11.72,0
316,10,3,24.0,0
316,18,4,35.04,0
316,26,2,1.2,0
317,1,1,14.4,0
317,65,3,0.12,0
317,63,4,0.16,0
317,54,4,2.52,0
318,50,4,2.52,0
318,40,5,3.75,0
318,10,4,32.0,0
318,5,1,12.0,0
318,73,2,4.88,0
318,25,4,1.76,0
319,45,5,3.75,0
319,63,3,0.12,0
319,8,4,144.0,0
319,55,2,2.0,0
319,32,4,2.4,0
320,47,1,0.75,0
321,34,5,2.45,0
321,59,2,6.76,0
321,33,2,1.4,0
322,75,2,4.56,0
322,2,1,14.4,0
322,12,4,28.64,0
322,51,5,3.75,0
322,11,5,35.8,0
322,25,4,1.76,0
322,22,4,1.6,0
322,33,3,2.0999999999999996,0
322,65,5,0.2,0
322,49,5,3.75,0
323,53,1,0.75,0
323,14,5,35.8,0
323,45,2,1.5,0
323,35,2,1.24,0
323,51,3,2.25,0
324,22,4,1.6,0
325,13,1,7.16,0
326,68,4,11.24,0
326,84,3,5.16,0
326,56,2,1.28,0
326,23,3,1.5,0
326,24,2,1.2,0
326,26,4,2.4,0
326,65,1,0.04,0
327,73,2,4.88,0
327,24,2,1.2,0
327,8,2,72.0,0
327,25,3,1.32,0
327,53,4,3.0,0
327,81,5,6.0,0
327,14,2,14.32,0
327,11,3,21.48,0
328,49,1,0.75,0
328,36,1,0.75,0
329,4,5,81.8,0
329,31,4,1.76,0
329,63,1,0.04,0
329,2,1,14.4,0
329,35,1,0.62,0
329,75,1,2.28,0
330,28,5,2.0,0
330,1,4,57.6,0
331,67,3,3.57,0
331,63,4,0.16,0
331,44,5,3.15,0
331,55,3,3.0,0
331,48,3,1.8900000000000001,0
331,41,2,1.7,0
331,47,4,3.0,0
331,49,5,3.75,0
331,8,3,108.0,0
331,43,1,0.75,0
332,59,4,13.52,0
333,4,5,81.8,0
333,16,5,35.8,0
333,36,2,1.5,0
334,58,5,13.149999999999999,0
334,61,5,17.8,0
334,53,2,1.5,0
334,1,3,43.2,0
334,3,3,35.400000000000006,0
334,6,3,50.400000000000006,0
335,30,5,3.0,0
335,63,4,0.16,0
335,79,1,2.44,0
335,45,4,3.0,0
335,61,1,3.56,0
335,50,3,1.8900000000000001,0
335,78,2,5.86,0
335,19,5,25.6,0
336,65,1,0.04,0
336,17,4,30.4,0
336,12,3,21.48,0
336,71,4,9.76,0
336,22,4,1.6,0
336,15,4,29.6,0
336,70,2,4.22,0
336,32,2,1.2,0
336,14,4,28.64,0
336,4,2,32.72,0
337,50,3,1.8900000000000001,0
337,29,3,1.5,0
337,61,1,3.56,0
337,18,5,43.8,0
337,82,4,2.4,0
337,12,3,21.48,0
338,74,5,11.399999999999999,0
338,9,3,54.0,0
338,49,4,3.0,0
338,84,5,8.6,0
339,30,2,1.2,0
339,34,1,0.49,0
339,38,1,0.75,0
339,15,1,7.4,0
339,44,5,3.15,0
339,25,1,0.44,0
339,74,3,6.84,0
340,41,4,3.4,0
340,74,1,2.28,0
340,40,1,0.75,0
341,69,2,4.22,0
341,50,4,2.52,0
341,41,3,2.55,0
341,17,5,38.0,0
341,78,5,14.65,0
341,29,1,0.5,0
341,51,1,0.75,0
341,59,3,10.14,0
341,19,3,15.36,0
341,64,4,0.16,0
342,77,3,5.85,0
342,19,1,5.12,0
342,41,3,2.55,0
343,16,3,21.48,0
343,74,4,9.12,0
343,81,2,2.4,0
343,64,3,0.12,0
343,49,1,0.75,0
343,43,2,1.5,0
343,27,2,1.4,0
343,7,2,31.6,0
343,63,4,0.16,0
344,21,1,10.66,0
344,71,4,9.76,0
344,44,4,2.52,0
344,61,3,10.68,0
344,51,4,3.0,0
345,68,3,8.43,0
345,37,2,1.2,0
346,51,1,0.75,0
346,17,3,22.799999999999997,0
346,75,1,2.28,0
346,39,4,3.4,0
346,84,2,3.44,0
346,74,2,4.56,0
346,57,4,3.12,0
346,38,2,1.5,0
346,27,2,1.4,0
347,84,1,1.72,0
347,47,5,3.75,0
347,14,2,14.32,0
347,49,4,3.0,0
348,8,1,36.0,0
348,46,4,2.52,0
348,23,1,0.5,0
349,66,3,2.9699999999999998,0
349,76,4,9.12,0
350,81,4,4.8,0
350,32,1,0.6,0
350,16,2,14.32,0
351,63,3,0.12,0
351,77,2,3.9,0
351,84,4,6.88,0
351,12,4,28.64,0
351,49,3,2.25,0
351,81,4,4.8,0
351,48,1,0.63,0
352,15,1,7.4,0
352,16,4,28.64,0
353,29,1,0.5,0
353,76,5,11.399999999999999,0
353,74,4,9.12,0
353,36,1,0.75,0
353,24,4,2.4,0
353,62,4,9.0,0
353,39,5,4.25,0
353,17,1,7.6,0
353,42,1,0.63,0
354,24,4,2.4,0
354,3,4,47.2,0
354,72,5,10.549999999999999,0
354,68,4,11.24,0
354,9,5,90.0,0
354,75,5,11.399999999999999,0
354,84,1,1.72,0
354,27,1,0.7,0
354,77,2,3.9,0
355,72,4,8.44,0
356,16,1,7.16,0
356,17,5,38.0,0
356,27,2,1.4,0
356,12,5,35.8,0
356,33,1,0.7,0
356,11,1,7.16,0
357,39,3,2.55,0
357,70,2,4.22,0
357,55,1,1.0,0
357,32,3,1.7999999999999998,0
357,6,5,84.0,0
357,38,5,3.75,0
357,57,2,1.56,0
357,74,4,9.12,0
357,41,5,4.25,0
358,78,5,14.65,0
358,66,2,1.98,0
358,13,1,7.16,0
358,31,1,0.44,0
358,25,2,0.88,0
358,39,2,1.7,0
359,78,5,14.65,0
359,28,5,2.0,0
359,46,3,1.8900000000000001,0
360,80,4,0.16,0
360,10,5,40.0,0
360,33,3,2.0999999999999996,0
361,84,2,3.44,0
361,52,4,2.52,0
361,11,3,21.48,0
361,55,2,2.0,0
361,69,2,4.22,0
361,10,3,24.0,0
361,82,2,1.2,0
362,73,5,12.2,0
362,78,2,5.86,0
362,54,2,1.26,0
362,41,4,3.4,0
362,49,1,0.75,0
362,32,1,0.6,0
363,16,5,35.8,0
363,15,5,37.0,0
363,53,1,0.75,0
363,43,1,0.75,0
363,47,3,2.25,0
364,19,2,10.24,0
364,36,1,0.75,0
364,13,4,28.64,0
364,29,4,2.0,0
364,14,1,7.16,0
365,68,3,8.43,0
365,76,4,9.12,0
365,13,5,35.8,0
366,74,3,6.84,0
366,71,3,7.32,0
366,78,1,2.93,0
366,7,2,31.6,0
366,41,4,3.4,0
366,24,3,1.7999999999999998,0
367,71,5,12.2,0
367,52,4,2.52,0
367,76,2,4.56,0
367,34,1,0.49,0
367,66,2,1.98,0
367,17,2,15.2,0
367,49,5,3.75,0
367,35,1,0.62,0
367,82,3,1.7999999999999998,0
368,78,4,11.72,0
368,59,2,6.76,0
368,57,3,2.34,0
368,60,5,14.05,0
369,36,4,3.0,0
369,67,2,2.38,0
369,40,1,0.75,0
369,53,3,2.25,0
369,12,1,7.16,0
370,31,1,0.44,0
370,22,5,2.0,0
371,11,3,21.48,0
372,64,1,0.04,0
372,55,5,5.0,0
372,18,4,35.04,0
372,66,5,4.95,0
372,16,4,28.64,0
372,2,5,72.0,0
372,25,1,0.44,0
372,69,3,6.33,0
372,32,5,3.0,0
373,6,5,84.0,0
373,58,2,5.26,0
373,68,2,5.62,0
373,23,1,0.5,0
373,47,2,1.5,0
373,66,3,2.9699999999999998,0
373,7,4,63.2,0
373,64,4,0.16,0
373,22,3,1.2000000000000002,0
373,15,3,22.200000000000003,0
374,70,1,2.11,0
374,38,3,2.25,0
374,62,3,6.75,0
374,34,2,0.98,0
375,81,5,6.0,0
376,28,3,1.2000000000000002,0
376,83,5,2.1,0
376,5,4,48.0,0
376,80,4,0.16,0
376,8,3,108.0,0
376,1,5,72.0,0
376,59,3,10.14,0
377,46,1,0.63,0
377,1,3,43.2,0
377,24,4,2.4,0
377,2,1,14.4,0
377,56,4,2.56,0
378,11,5,35.8,0
378,66,2,1.98,0
378,53,1,0.75,0
378,63,1,0.04,0
379,33,2,1.4,0
379,61,4,14.24,0
379,48,3,1.8900000000000001,0
380,55,2,2.0,0
380,69,3,6.33,0
380,14,4,28.64,0
380,57,2,1.56,0
380,18,3,26.28,0
380,56,1,0.64,0
381,26,1,0.6,0
381,25,3,1.32,0
381,6,2,33.6,0
381,51,4,3.0,0
381,43,1,0.75,0
381,21,2,21.32,0
382,35,1,0.62,0
382,54,4,2.52,0
382,71,4,9.76,0
382,17,3,22.799999999999997,0
382,52,5,3.15,0
382,50,2,1.26,0
382,15,1,7.4,0
382,3,2,23.6,0
383,45,5,3.75,0
383,2,2,28.8,0
383,7,3,47.400000000000006,0
384,77,1,1.95,0
384,56,4,2.56,0
384,38,3,2.25,0
384,63,1,0.04,0
384,55,2,2.0,0
384,80,2,0.08,0
384,66,2,1.98,0
385,36,1,0.75,0
385,34,2,0.98,0
385,55,2,2.0,0
385,61,1,3.56,0
386,79,2,4.88,0
386,25,5,2.2,0
386,81,2,2.4,0
386,30,1,0.6,0
386,17,4,30.4,0
386,5,3,36.0,0
386,19,4,20.48,0
386,3,5,59.0,0
386,26,1,0.6,0
387,49,4,3.0,0
388,40,2,1.5,0
388,29,3,1.5,0
388,55,4,4.0,0
388,8,5,180.0,0
388,83,1,0.42,0
388,39,1,0.85,0
388,35,3,1.8599999999999999,0
388,36,3,2.25,0
388,54,2,1.26,0
389,7,2,31.6,0
389,6,1,16.8,0
389,42,2,1.26,0
389,37,4,2.4,0
389,36,5,3.75,0
389,13,4,28.64,0
390,33,4,2.8,0
390,47,3,2.25,0
390,39,1,0.85,0
391,2,5,72.0,0
391,17,3,22.799999999999997,0
392,47,5,3.75,0
392,68,5,14.05,0
392,48,2,1.26,0
392,84,3,5.16,0
392,27,5,3.5,0
392,50,1,0.63,0
393,17,5,38.0,0
393,16,1,7.16,0
394,84,2,3.44,0
394,25,4,1.76,0
394,13,1,7.16,0
394,70,5,10.549999999999999,0
394,44,3,1.8900000000000001,0
394,61,2,7.12,0
394,69,2,4.22,0
394,6,2,33.6,0
394,54,5,3.15,0
394,33,5,3.5,0
395,47,4,3.0,0
395,81,1,1.2,0
395,56,1,0.64,0
395,62,4,9.0,0
395,68,5,14.05,0
395,3,2,23.6,0
396,36,2,1.5,0
396,38,1,0.75,0
396,73,1,2.44,0
396,25,4,1.76,0
396,64,5,0.2,0
396,66,1,0.99,0
396,22,4,1.6,0
396,50,5,3.15,0
396,52,5,3.15,0
396,35,2,1.24,0
397,1,2,28.8,0
397,74,2,4.56,0
397,76,1,2.28,0
398,59,5,16.9,0
398,68,3,8.43,0
398,39,2,1.7,0
398,38,3,2.25,0
398,71,1,2.44,0
398,22,2,0.8,0
398,6,5,84.0,0
398,31,3,1.32,0
398,82,2,1.2,0
399,18,3,26.28,0
399,7,2,31.6,0
399,27,5,3.5,0
399,15,1,7.4,0
399,84,3,5.16,0
400,48,3,1.8900000000000001,0
400,11,5,35.8,0
400,34,2,0.98,0
400,53,5,3.75,0
400,38,3,2.25,0
400,8,1,36.0,0
400,46,2,1.26,0
400,36,2,1.5,0
400,33,1,0.7,0
400,69,5,10.549999999999999,0
401,49,3,2.25,0
401,81,5,6.0,0
402,27,4,2.8,0
402,29,3,1.5,0
402,35,2,1.24,0
402,75,4,9.12,0
402,20,4,24.32,0
402,30,4,2.4,0
402,48,2,1.26,0
402,62,1,2.25,0
402,64,2,0.08,0
403,24,2,1.2,0
403,25,5,2.2,0
403,63,2,0.08,0
403,83,3,1.26,0
403,3,3,35.400000000000006,0
403,21,2,21.32,0
403,51,5,3.75,0
403,9,2,36.0,0
404,55,2,2.0,0
404,59,4,13.52,0
405,68,2,5.62,0
405,2,5,72.0,0
406,49,4,3.0,0
406,3,1,11.8,0
407,83,1,0.42,0
408,32,1,0.6,0
408,35,2,1.24,0
408,81,5,6.0,0
409,2,1,14.4,0
410,44,1,0.63,0
410,26,2,1.2,0
410,62,5,11.25,0
410,57,2,1.56,0
410,40,3,2.25,0
410,20,2,12.16,0
410,8,5,180.0,0
410,35,5,3.1,0
410,16,1,7.16,0
411,14,5,35.8,0
412,14,5,35.8,0
412,54,2,1.26,0
412,1,2,28.8,0
412,4,2,32.72,0
412,55,4,4.0,0
413,46,3,1.8900000000000001,0
413,29,4,2.0,0
413,15,4,29.6,0
414,15,2,14.8,0
414,14,3,21.48,0
414,46,1,0.63,0
415,43,1,0.75,0
415,47,1,0.75,0
415,6,5,84.0,0
415,20,2,12.16,0
415,55,5,5.0,0
415,77,2,3.9,0
415,39,5,4.25,0
415,37,3,1.7999999999999998,0
415,14,3,21.48,0
415,64,3,0.12,0
416,10,1,8.0,0
416,20,2,12.16,0
416,41,2,1.7,0
416,50,4,2.52,0
416,62,1,2.25,0
417,74,4,9.12,0
417,36,2,1.5,0
418,42,2,1.26,0
418,24,4,2.4,0
419,41,4,3.4,0
419,55,4,4.0,0
419,53,5,3.75,0
419,82,3,1.7999999999999998,0
419,18,2,17.52,0
419,50,4,2.52,0
420,64,5,0.2,0
420,69,4,8.44,0
420,30,4,2.4,0
420,11,5,35.8,0
420,54,5,3.15,0
420,74,2,4.56,0
420,12,2,14.32,0
420,47,1,0.75,0
420,27,1,0.7,0
421,72,4,8.44,0
421,18,1,8.76,0
421,8,3,108.0,0
421,47,2,1.5,0
421,38,4,3.0,0
421,19,5,25.6,0
422,32,2,1.2,0
422,29,1,0.5,0
422,18,1,8.76,0
422,19,4,20.48,0
422,4,4,65.44,0
422,48,1,0.63,0
422,14,5,35.8,0
423,62,5,11.25,0
423,21,1,10.66,0
424,47,2,1.5,0
424,11,2,14.32,0
424,10,1,8.0,0
425,54,2,1.26,0
425,24,4,2.4,0
425,18,5,43.8,0
425,39,4,3.4,0
425,53,3,2.25,0
425,57,1,0.78,0
425,37,1,0.6,0
425,20,1,6.08,0
425,83,1,0.42,0
425,78,2,5.86,0
426,21,1,10.66,0
426,51,4,3.0,0
426,59,5,16.9,0
426,34,5,2.45,0
426,65,3,0.12,0
426,30,4,2.4,0
426,35,1,0.62,0
426,67,4,4.76,0
426,17,2,15.2,0
427,80,1,0.04,0
427,29,4,2.0,0
427,24,5,3.0,0
427,78,1,2.93,0
427,60,4,11.24,0
427,41,4,3.4,0
427,49,2,1.5,0
428,48,4,2.52,0
429,35,1,0.62,0
429,14,1,7.16,0
429,47,5,3.75,0
429,43,1,0.75,0
430,37,2,1.2,0
430,70,1,2.11,0
430,9,2,36.0,0
430,77,1,1.95,0
431,25,5,2.2,0
431,26,1,0.6,0
431,31,3,1.32,0
431,11,5,35.8,0
431,73,1,2.44,0
432,62,1,2.25,0
432,7,3,47.400000000000006,0
432,12,3,21.48,0
432,2,3,43.2,0
432,37,4,2.4,0
432,65,2,0.08,0
432,41,4,3.4,0
432,46,2,1.26,0
432,13,3,21.48,0
432,53,5,3.75,0
433,65,2,0.08,0
433,4,5,81.8,0
434,62,5,11.25,0
434,5,3,36.0,0
434,21,2,21.32,0
434,60,1,2.81,0
434,81,1,1.2,0
434,30,2,1.2,0
434,84,2,3.44,0
435,65,5,0.2,0
435,78,5,14.65,0
435,44,4,2.52,0
436,44,3,1.8900000000000001,0
436,47,5,3.75,0
436,56,1,0.64,0
437,31,2,0.88,0
437,79,5,12.2,0
437,10,2,16.0,0
437,73,4,9.76,0
437,13,1,7.16,0
437,19,3,15.36,0
437,71,1,2.44,0
438,13,4,28.64,0
438,41,2,1.7,0
438,38,2,1.5,0
438,9,3,54.0,0
438,74,3,6.84,0
438,46,1,0.63,0
438,10,2,16.0,0
438,59,3,10.14,0
439,33,4,2.8,0
439,84,2,3.44,0
439,16,5,35.8,0
439,63,1,0.04,0
439,47,3,2.25,0
439,52,4,2.52,0
439,80,2,0.08,0
439,57,3,2.34,0
440,80,3,0.12,0
440,48,1,0.63,0
440,53,5,3.75,0
440,58,3,7.89,0
440,6,5,84.0,0
440,83,1,0.42,0
440,32,5,3.0,0
440,2,2,28.8,0
440,14,3,21.48,0
441,21,5,53.3,0
441,52,1,0.63,0
441,29,4,2.0,0
441,60,1,2.81,0
441,45,4,3.0,0
441,83,5,2.1,0
441,14,1,7.16,0
442,14,4,28.64,0
442,56,2,1.28,0
442,52,3,1.8900000000000001,0
443,41,3,2.55,0
443,78,4,11.72,0
444,61,1,3.56,0
444,36,4,3.0,0
444,5,5,60.0,0
444,20,4,24.32,0
445,82,2,1.2,0
445,41,5,4.25,0
445,5,5,60.0,0
446,8,3,108.0,0
446,56,4,2.56,0
446,28,1,0.4,0
446,3,4,47.2,0
446,35,3,1.8599999999999999,0
446,82,2,1.2,0
446,11,2,14.32,0
447,36,4,3.0,0
447,11,3,21.48,0
448,54,5,3.15,0
448,28,3,1.2000000000000002,0
448,24,1,0.6,0
448,12,4,28.64,0
448,44,3,1.8900000000000001,0
448,22,2,0.8,0
448,45,4,3.0,0
448,62,4,9.0,0
449,21,4,42.64,0
449,46,5,3.15,0
449,50,1,0.63,0
449,72,5,10.549999999999999,0
449,26,1,0.6,0
449,75,5,11.399999999999999,0
449,19,3,15.36,0
449,41,1,0.85,0
449,20,4,24.32,0
450,64,3,0.12,0
450,15,4,29.6,0
450,34,5,2.45,0
451,58,2,5.26,0
452,82,5,3.0,0
452,13,1,7.16,0
452,28,2,0.8,0
452,54,5,3.15,0
452,22,5,2.0,0
452,49,2,1.5,0
452,45,2,1.5,0
452,25,5,2.2,0
453,48,3,1.8900000000000001,0
454,39,3,2.55,0
455,16,4,28.64,0
455,84,4,6.88,0
455,53,4,3.0,0
455,46,3,1.8900000000000001,0
455,70,4,8.44,0
455,67,3,3.57,0
455,15,2,14.8,0
455,59,4,13.52,0
455,48,2,1.26,0
456,77,2,3.9,0
456,70,4,8.44,0
456,49,3,2.25,0
456,56,3,1.92,0
456,80,1,0.04,0
456,12,1,7.16,0
456,84,1,1.72,0
456,79,4,9.76,0
456,14,4,28.64,0
457,70,1,2.11,0
457,82,4,2.4,0
457,65,5,0.2,0
457,5,3,36.0,0
457,54,2,1.26,0
457,29,4,2.0,0
457,71,4,9.76,0
457,15,2,14.8,0
457,61,1,3.56,0
457,45,4,3.0,0
458,83,4,1.68,0
458,1,3,43.2,0
458,29,5,2.5,0
458,37,3,1.7999999999999998,0
458,34,3,1.47,0
458,54,2,1.26,0
458,5,1,12.0,0
459,20,3,18.240000000000002,0
460,77,3,5.85,0
460,43,2,1.5,0
460,74,4,9.12,0
460,31,5,2.2,0
460,51,2,1.5,0
460,79,4,9.76,0
460,7,5,79.0,0
460,55,2,2.0,0
460,82,4,2.4,0
461,52,3,1.8900000000000001,0
461,67,2,2.38,0
461,56,2,1.28,0
462,17,5,38.0,0
462,16,5,35.8,0
463,81,3,3.5999999999999996,0
463,71,2,4.88,0
463,42,2,1.26,0
463,12,1,7.16,0
463,4,4,65.44,0
463,2,5,72.0,0
463,20,1,6.08,0
464,70,1,2.11,0
464,74,4,9.12,0
464,4,2,32.72,0
464,59,3,10.14,0
464,24,2,1.2,0
464,84,2,3.44,0
464,39,2,1.7,0
464,69,2,4.22,0
464,49,3,2.25,0
464,7,3,47.400000000000006,0
465,19,1,5.12,0
465,82,5,3.0,0
466,15,4,29.6,0
466,77,1,1.95,0
467,19,3,15.36,0
467,34,2,0.98,0
468,10,4,32.0,0
468,47,2,1.5,0
469,13,4,28.64,0
469,3,4,47.2,0
469,10,4,32.0,0
469,81,1,1.2,0
469,27,4,2.8,0
469,49,3,2.25,0
469,82,4,2.4,0
470,24,3,1.7999999999999998,0
470,2,2,28.8,0
470,73,5,12.2,0
471,16,3,21.48,0
472,62,5,11.25,0
472,77,5,9.75,0
472,1,2,28.8,0
472,67,3,3.57,0
472,16,2,14.32,0
472,78,1,2.93,0
473,3,5,59.0,0
473,66,2,1.98,0
473,28,3,1.2000000000000002,0
473,15,2,14.8,0
473,4,3,49.08,0
473,18,2,17.52,0
473,11,2,14.32,0
473,35,3,1.8599999999999999,0
473,62,2,4.5,0
474,45,5,3.75,0
474,84,3,5.16,0
475,64,4,0.16,0
475,66,4,3.96,0
475,25,3,1.32,0
475,23,2,1.0,0
475,36,4,3.0,0
475,14,5,35.8,0
475,76,3,6.84,0
475,22,2,0.8,0
476,56,4,2.56,0
476,55,5,5.0,0
476,35,3,1.8599999999999999,0
476,80,1,0.04,0
476,78,4,11.72,0
476,26,5,3.0,0
476,46,3,1.8900000000000001,0
476,81,1,1.2,0
477,22,1,0.4,0
477,66,3,2.9699999999999998,0
477,76,4,9.12,0
477,38,5,3.75,0
477,83,5,2.1,0
477,46,4,2.52,0
477,4,1,16.36,0
477,24,3,1.7999999999999998,0
478,24,3,1.7999999999999998,0
478,32,1,0.6,0
478,28,3,1.2000000000000002,0
478,48,2,1.26,0
478,41,1,0.85,0
478,2,3,43.2,0
478,43,2,1.5,0
479,73,3,7.32,0
479,30,5,3.0,0
479,9,4,72.0,0
479,37,5,3.0,0
479,28,5,2.0,0
479,14,5,35.8,0
479,36,5,3.75,0
479,10,5,40.0,0
480,56,3,1.92,0
480,41,2,1.7,0
480,26,1,0.6,0
480,64,4,0.16,0
480,6,3,50.400000000000006,0
480,54,1,0.63,0
480,16,4,28.64,0
481,77,3,5.85,0
481,76,4,9.12,0
481,31,5,2.2,0
482,37,1,0.6,0
483,1,4,57.6,0
483,37,2,1.2,0
483,52,1,0.63,0
483,69,5,10.549999999999999,0
483,6,3,50.400000000000006,0
483,83,1,0.42,0
483,9,4,72.0,0
483,13,4,28.64,0
483,39,3,2.55,0
483,41,3,2.55,0
484,11,5,35.8,0
484,41,4,3.4,0
484,79,1,2.44,0
484,51,3,2.25,0
484,59,4,13.52,0
484,83,1,0.42,0
484,48,5,3.15,0
485,4,2,32.72,0
485,7,1,15.8,0
486,14,3,21.48,0
486,56,2,1.28,0
486,22,1,0.4,0
487,48,5,3.15,0
487,1,1,14.4,0
487,34,1,0.49,0
487,15,1,7.4,0
488,10,3,24.0,0
488,43,5,3.75,0
488,49,3,2.25,0
488,22,2,0.8,0
488,75,4,9.12,0
489,17,3,22.799999999999997,0
489,19,5,25.6,0
490,82,4,2.4,0
490,16,5,35.8,0
490,68,2,5.62,0
490,74,4,9.12,0
490,63,3,0.12,0
490,42,4,2.52,0
490,29,1,0.5,0
491,38,1,0.75,0
491,46,5,3.15,0
491,32,2,1.2,0
491,10,1,8.0,0
491,64,1,0.04,0
492,2,2,28.8,0
492,60,4,11.24,0
492,25,4,1.76,0
492,14,3,21.48,0
493,76,5,11.399999999999999,0
493,66,3,2.9699999999999998,0
493,40,4,3.0,0
493,84,2,3.44,0
494,14,2,14.32,0
494,29,3,1.5,0
494,50,4,2.52,0
494,80,5,0.2,0
494,26,4,2.4,0
494,25,1,0.44,0
494,36,4,3.0,0
494,22,3,1.2000000000000002,0
494,74,1,2.28,0
495,60,1,2.81,0
495,15,2,14.8,0
495,3,4,47.2,0
496,35,1,0.62,0
496,61,5,17.8,0
496,58,3,7.89,0
497,16,5,35.8,0
497,11,3,21.48,0
497,56,2,1.28,0
497,20,4,24.32,0
497,65,4,0.16,0
498,43,1,0.75,0
498,57,3,2.34,0
498,48,1,0.63,0
498,7,4,63.2,0
498,55,2,2.0,0
498,38,2,1.5,0
498,52,2,1.26,0
498,77,3,5.85,0
498,68,5,14.05,0
499,67,4,4.76,0
499,14,1,7.16,0
499,83,2,0.84,0
499,15,2,14.8,0
499,7,1,15.8,0
499,74,3,6.84,0
499,31,1,0.44,0
499,69,1,2.11,0
500,29,5,2.5,0
500,52,4,2.52,0
500,51,1,0.75,0
500,35,4,2.48,0
500,27,2,1.4,0
501,45,3,2.25,0
501,77,3,5.85,0
501,1,1,14.4,0
501,24,5,3.0,0
502,62,3,6.75,0
502,31,2,0.88,0
502,41,1,0.85,0
502,22,2,0.8,0
502,43,4,3.0,0
502,19,1,5.12,0
502,61,4,14.24,0
502,3,2,23.6,0
502,34,1,0.49,0
502,2,5,72.0,0
503,61,5,17.8,0
503,1,4,57.6,0
503,32,4,2.4,0
503,15,1,7.4,0
503,3,5,59.0,0
503,38,2,1.5,0
504,65,2,0.08,0
504,19,1,5.12,0
504,13,3,21.48,0
504,43,4,3.0,0
504,63,3,0.12,0
504,70,3,6.33,0
504,33,3,2.0999999999999996,0
504,59,1,3.38,0
504,46,3,1.8900000000000001,0
505,67,5,5.949999999999999,0
505,62,1,2.25,0
505,35,5,3.1,0
505,82,1,0.6,0
505,19,4,20.48,0
505,29,2,1.0,0
506,64,1,0.04,0
506,32,5,3.0,0
506,56,3,1.92,0
506,27,1,0.7,0
506,25,4,1.76,0
506,82,1,0.6,0
507,81,5,6.0,0
507,58,5,13.149999999999999,0
507,23,3,1.5,0
507,45,3,2.25,0
507,51,5,3.75,0
508,36,3,2.25,0
508,25,1,0.44,0
508,75,5,11.399999999999999,0
508,44,5,3.15,0
508,16,4,28.64,0
508,59,5,16.9,0
508,45,3,2.25,0
509,2,4,57.6,0
509,19,4,20.48,0
510,67,3,3.57,0
510,80,5,0.2,0
510,21,3,31.98,0
511,37,1,0.6,0
511,38,1,0.75,0
511,59,1,3.38,0
511,28,3,1.2000000000000002,0
511,76,1,2.28,0
511,7,4,63.2,0
511,40,1,0.75,0
511,56,3,1.92,0
512,7,3,47.400000000000006,0
513,45,3,2.25,0
513,65,5,0.2,0
513,20,1,6.08,0
514,19,2,10.24,0
514,56,5,3.2,0
514,11,3,21.48,0
514,29,1,0.5,0
514,61,3,10.68,0
515,82,4,2.4,0
515,55,4,4.0,0
515,13,3,21.48,0
515,39,5,4.25,0
516,23,5,2.5,0
516,56,3,1.92,0
516,75,2,4.56,0
516,26,3,1.7999999999999998,0
516,18,4,35.04,0
517,26,3,1.7999999999999998,0
517,40,1,0.75,0
517,39,5,4.25,0
517,81,4,4.8,0
517,70,2,4.22,0
517,49,4,3.0,0
517,13,2,14.32,0
517,68,4,11.24,0
517,41,5,4.25,0
518,60,3,8.43,0
518,55,4,4.0,0
518,54,4,2.52,0
518,4,5,81.8,0
518,12,2,14.32,0
518,79,3,7.32,0
519,75,5,11.399999999999999,0
519,48,2,1.26,0
519,80,5,0.2,0
519,73,3,7.32,0
520,51,2,1.5,0
521,1,4,57.6,0
521,67,4,4.76,0
521,7,1,15.8,0
521,8,3,108.0,0
521,84,1,1.72,0
521,43,5,3.75,0
521,13,3,21.48,0
522,62,3,6.75,0
522,8,1,36.0,0
522,75,5,11.399999999999999,0
522,7,2,31.6,0
522,67,2,2.38,0
522,72,4,8.44,0
522,18,2,17.52,0
522,82,2,1.2,0
522,39,3,2.55,0
522,1,4,57.6,0
523,26,1,0.6,0
523,9,1,18.0,0
523,20,5,30.4,0
523,16,5,35.8,0
523,13,2,14.32,0
523,27,1,0.7,0
523,61,1,3.56,0
523,65,4,0.16,0
523,51,1,0.75,0
523,39,4,3.4,0
524,24,2,1.2,0
524,70,3,6.33,0
524,79,4,9.76,0
524,16,4,28.64,0
524,19,1,5.12,0
524,31,2,0.88,0
524,66,5,4.95,0
524,26,4,2.4,0
525,38,3,2.25,0
525,13,5,35.8,0
525,64,3,0.12,0
525,36,4,3.0,0
525,50,1,0.63,0
525,60,4,11.24,0
525,55,2,2.0,0
525,4,3,49.08,0
526,16,5,35.8,0
526,50,1,0.63,0
526,75,3,6.84,0
526,5,5,60.0,0
526,57,1,0.78,0
526,46,2,1.26,0
526,60,4,11.24,0
526,36,1,0.75,0
527,46,5,3.15,0
527,65,2,0.08,0
527,45,5,3.75,0
528,66,1,0.99,0
528,23,2,1.0,0
528,46,5,3.15,0
528,44,4,2.52,0
528,18,3,26.28,0
528,39,4,3.4,0
528,9,4,72.0,0
529,61,5,17.8,0
529,24,5,3.0,0
529,65,5,0.2,0
529,34,2,0.98,0
529,42,5,3.15,0
529,75,3,6.84,0
529,80,4,0.16,0
530,6,1,16.8,0
530,21,2,21.32,0
531,14,4,28.64,0
531,61,3,10.68,0
532,31,1,0.44,0
532,23,4,2.0,0
532,54,1,0.63,0
532,8,5,180.0,0
533,15,1,7.4,0
533,10,4,32.0,0
533,48,5,3.15,0
533,81,1,1.2,0
533,23,3,1.5,0
534,58,4,10.52,0
534,18,5,43.8,0
535,26,2,1.2,0
535,33,4,2.8,0
535,57,3,2.34,0
535,29,2,1.0,0
535,21,4,42.64,0
535,68,2,5.62,0
535,12,5,35.8,0
535,4,1,16.36,0
535,27,1,0.7,0
536,1,3,43.2,0
536,53,5,3.75,0
536,70,1,2.11,0
537,24,5,3.0,0
537,64,2,0.08,0
537,27,5,3.5,0
537,61,5,17.8,0
537,46,3,1.8900000000000001,0
537,80,5,0.2,0
538,9,4,72.0,0
538,55,4,4.0,0
538,10,5,40.0,0
539,17,5,38.0,0
539,39,1,0.85,0
540,64,2,0.08,0
540,7,5,79.0,0
541,43,1,0.75,0
541,29,3,1.5,0
541,33,4,2.8,0
541,46,1,0.63,0
541,21,3,31.98,0
541,10,5,40.0,0
541,74,2,4.56,0
541,67,5,5.949999999999999,0
541,65,3,0.12,0
542,80,1,0.04,0
542,70,1,2.11,0
542,75,4,9.12,0
542,34,1,0.49,0
542,5,3,36.0,0
542,54,3,1.8900000000000001,0
542,26,3,1.7999999999999998,0
543,18,2,17.52,0
544,43,1,0.75,0
544,31,4,1.76,0
544,10,5,40.0,0
544,79,1,2.44,0
544,45,1,0.75,0
544,54,5,3.15,0
544,11,5,35.8,0
544,62,2,4.5,0
544,35,1,0.62,0
545,5,4,48.0,0
545,65,2,0.08,0
546,56,4,2.56,0
546,39,2,1.7,0
546,3,1,11.8,0
546,4,2,32.72,0
546,69,5,10.549999999999999,0
546,49,1,0.75,0
547,62,1,2.25,0
547,50,4,2.52,0
547,17,4,30.4,0
547,55,5,5.0,0
547,18,1,8.76,0
547,57,1,0.78,0
547,79,3,7.32,0
547,46,2,1.26,0
547,44,4,2.52,0
548,31,2,0.88,0
549,76,1,2.28,0
549,30,4,2.4,0
550,73,1,2.44,0
550,2,2,28.8,0
550,8,1,36.0,0
550,17,4,30.4,0
550,24,3,1.7999999999999998,0
550,6,3,50.400000000000006,0
550,45,5,3.75,0
550,84,2,3.44,0
550,38,2,1.5,0
551,51,4,3.0,0
551,16,1,7.16,0
551,10,3,24.0,0
551,70,2,4.22,0
551,64,3,0.12,0
551,29,4,2.0,0
551,39,3,2.55,0
551,71,3,7.32,0
551,84,2,3.44,0
551,68,3,8.43,0
552,70,5,10.549999999999999,0
552,14,1,7.16,0
552,45,4,3.0,0
552,80,4,0.16,0
552,36,1,0.75,0
552,27,2,1.4,0
553,30,3,1.7999999999999998,0
553,71,2,4.88,0
553,16,3,21.48,0
553,19,1,5.12,0
553,31,4,1.76,0
553,84,4,6.88,0
553,15,1,7.4,0
553,64,1,0.04,0
553,35,3,1.8599999999999999,0
554,50,3,1.8900000000000001,0
554,11,1,7.16,0
554,36,5,3.75,0
554,64,1,0.04,0
554,49,4,3.0,0
554,57,1,0.78,0
554,29,2,1.0,0
554,24,4,2.4,0
554,69,1,2.11,0
554,40,1,0.75,0
555,45,1,0.75,0
555,78,3,8.790000000000001,0
555,34,5,2.45,0
555,28,1,0.4,0
555,44,5,3.15,0
555,56,4,2.56,0
555,8,1,36.0,0
555,71,4,9.76,0
555,37,5,3.0,0
556,55,5,5.0,0
556,73,5,12.2,0
556,34,2,0.98,0
556,49,4,3.0,0
556,31,2,0.88,0
556,2,3,43.2,0
556,36,1,0.75,0
556,32,5,3.0,0
557,44,5,3.15,0
557,51,1,0.75,0
557,79,3,7.32,0
557,47,3,2.25,0
557,33,5,3.5,0
558,16,3,21.48,0
559,42,3,1.8900000000000001,0
559,23,4,2.0,0
559,60,1,2.81,0
559,57,1,0.78,0
559,5,3,36.0,0
559,62,5,11.25,0
559,28,4,1.6,0
559,8,5,180.0,0
559,11,3,21.48,0
559,79,5,12.2,0
560,9,4,72.0,0
560,24,3,1.7999999999999998,0
560,36,3,2.25,0
560,64,2,0.08,0
560,30,2,1.2,0
560,19,5,25.6,0
561,30,1,0.6,0
562,24,5,3.0,0
563,75,3,6.84,0
563,6,5,84.0,0
563,30,1,0.6,0
563,34,3,1.47,0
563,3,3,35.400000000000006,0
563,70,1,2.11,0
563,77,2,3.9,0
563,45,1,0.75,0
564,65,4,0.16,0
564,15,5,37.0,0
565,31,2,0.88,0
565,42,5,3.15,0
566,54,1,0.63,0
566,83,4,1.68,0
566,37,2,1.2,0
566,4,3,49.08,0
566,78,3,8.790000000000001,0
566,43,4,3.0,0
567,61,3,10.68,0
567,80,1,0.04,0
567,21,3,31.98,0
567,6,3,50.400000000000006,0
567,20,5,30.4,0
567,4,1,16.36,0
568,28,3,1.2000000000000002,0
568,66,5,4.95,0
568,75,3,6.84,0
568,49,5,3.75,0
568,5,2,24.0,0
568,84,1,1.72,0
568,10,2,16.0,0
568,73,5,12.2,0
568,74,5,11.399999999999999,0
568,54,5,3.15,0
569,68,1,2.81,0
569,78,4,11.72,0
570,67,4,4.76,0
570,41,3,2.55,0
570,25,5,2.2,0
570,38,2,1.5,0
570,43,2,1.5,0
570,47,2,1.5,0
570,59,3,10.14,0
570,15,2,14.8,0
570,57,4,3.12,0
571,11,3,21.48,0
571,72,5,10.549999999999999,0
571,10,3,24.0,0
571,84,4,6.88,0
571,78,2,5.86,0
571,58,4,10.52,0
572,73,2,4.88,0
572,69,2,4.22,0
572,53,5,3.75,0
572,18,5,43.8,0
573,37,3,1.7999999999999998,0
573,41,1,0.85,0
573,11,4,28.64,0
573,54,5,3.15,0
573,19,5,25.6,0
574,81,2,2.4,0
574,24,4,2.4,0
574,2,2,28.8,0
574,16,4,28.64,0
574,34,5,2.45,0
574,61,1,3.56,0
574,17,1,7.6,0
574,56,1,0.64,0
575,10,2,16.0,0
575,66,5,4.95,0
575,50,4,2.52,0
576,17,4,30.4,0
576,72,2,4.22,0
576,38,1,0.75,0
576,44,3,1.8900000000000001,0
576,76,5,11.399999999999999,0
576,79,1,2.44,0
577,10,3,24.0,0
578,53,4,3.0,0
578,56,3,1.92,0
578,62,2,4.5,0
578,24,5,3.0,0
578,66,1,0.99,0
578,20,1,6.08,0
578,76,5,11.399999999999999,0
578,48,4,2.52,0
579,42,4,2.52,0
579,23,5,2.5,0
579,76,3,6.84,0
579,13,2,14.32,0
579,39,4,3.4,0
579,44,1,0.63,0
579,73,5,12.2,0
580,75,5,11.399999999999999,0
580,55,3,3.0,0
580,42,4,2.52,0
580,41,2,1.7,0
580,19,1,5.12,0
580,27,4,2.8,0
580,67,3,3.57,0
580,74,5,11.399999999999999,0
580,13,3,21.48,0
581,22,1,0.4,0
581,37,3,1.7999999999999998,0
581,63,4,0.16,0
581,29,2,1.0,0
581,34,5,2.45,0
582,30,3,1.7999999999999998,0
582,19,1,5.12,0
583,71,5,12.2,0
583,22,1,0.4,0
583,77,1,1.95,0
583,70,5,10.549999999999999,0
584,1,4,57.6,0
584,4,3,49.08,0
584,27,3,2.0999999999999996,0
584,74,4,9.12,0
585,67,2,2.38,0
585,59,3,10.14,0
585,15,1,7.4,0
585,57,4,3.12,0
585,64,3,0.12,0
585,12,2,14.32,0
585,36,1,0.75,0
585,46,1,0.63,0
586,10,3,24.0,0
586,21,5,53.3,0
586,43,3,2.25,0
586,59,5,16.9,0
587,41,1,0.85,0
587,56,1,0.64,0
588,41,2,1.7,0
588,72,1,2.11,0
588,82,1,0.6,0
588,32,2,1.2,0
588,76,4,9.12,0
588,29,2,1.0,0
588,34,4,1.96,0
588,20,4,24.32,0
588,24,4,2.4,0
589,17,2,15.2,0
589,82,1,0.6,0
589,67,2,2.38,0
589,1,4,57.6,0
589,9,4,72.0,0
590,79,2,4.88,0
590,23,1,0.5,0
590,54,3,1.8900000000000001,0
590,49,5,3.75,0
590,31,3,1.32,0
590,62,5,11.25,0
590,24,3,1.7999999999999998,0
590,30,3,1.7999999999999998,0
590,63,4,0.16,0
591,77,3,5.85,0
591,70,4,8.44,0
591,38,1,0.75,0
591,29,1,0.5,0
591,37,4,2.4,0
591,58,3,7.89,0
591,32,4,2.4,0
592,23,4,2.0,0
592,41,1,0.85,0
593,51,2,1.5,0
593,62,4,9.0,0
593,77,4,7.8,0
593,31,1,0.44,0
593,38,3,2.25,0
593,65,2,0.08,0
594,8,5,180.0,0
594,42,3,1.8900000000000001,0
594,41,4,3.4,0
594,51,4,3.0,0
594,55,4,4.0,0
594,34,1,0.49,0
594,35,4,2.48,0
595,44,1,0.63,0
595,40,4,3.0,0
595,53,2,1.5,0
595,74,2,4.56,0
596,27,1,0.7,0
596,79,5,12.2,0
596,43,2,1.5,0
596,78,5,14.65,0
596,3,1,11.8,0
596,49,1,0.75,0
596,46,5,3.15,0
596,9,1,18.0,0
596,67,2,2.38,0
597,69,2,4.22,0
597,21,5,53.3,0
597,51,2,1.5,0
597,38,2,1.5,0
597,48,3,1.8900000000000001,0
597,53,2,1.5,0
598,32,1,0.6,0
598,5,1,12.0,0
598,68,1,2.81,0
598,65,4,0.16,0
598,63,1,0.04,0
598,21,3,31.98,0
598,39,1,0.85,0
598,30,2,1.2,0
598,35,1,0.62,0
599,84,4,6.88,0
599,17,3,22.799999999999997,0
599,11,1,7.16,0
599,10,5,40.0,0
599,54,1,0.63,0
599,2,5,72.0,0
599,78,2,5.86,0
600,76,4,9.12,0
600,25,5,2.2,0
601,42,4,2.52,0
601,66,1,0.99,0
601,39,3,2.55,0
601,59,2,6.76,0
601,13,3,21.48,0
602,61,4,14.24,0
602,38,4,3.0,0
602,12,2,14.32,0
602,53,5,3.75,0
602,36,4,3.0,0
602,37,5,3.0,0
602,65,2,0.08,0
602,49,1,0.75,0
602,64,4,0.16,0
602,48,5,3.15,0
603,58,2,5.26,0
603,74,1,2.28,0
604,30,4,2.4,0
604,48,4,2.52,0
604,73,1,2.44,0
604,83,3,1.26,0
604,43,2,1.5,0
604,81,1,1.2,0
604,13,5,35.8,0
605,27,4,2.8,0
605,76,2,4.56,0
605,11,2,14.32,0
606,79,4,9.76,0
606,67,5,5.949999999999999,0
606,30,1,0.6,0
606,64,3,0.12,0
606,53,3,2.25,0
606,44,2,1.26,0
606,5,3,36.0,0
607,77,4,7.8,0
607,1,3,43.2,0
607,27,5,3.5,0
607,63,5,0.2,0
607,64,3,0.12,0
607,84,2,3.44,0
607,42,4,2.52,0
607,62,5,11.25,0
607,72,1,2.11,0
607,14,4,28.64,0
608,49,2,1.5,0
608,2,2,28.8,0
609,16,2,14.32,0
609,26,4,2.4,0
609,15,1,7.4,0
609,55,4,4.0,0
609,22,5,2.0,0
609,63,2,0.08,0
609,71,4,9.76,0
609,52,1,0.63,0
609,38,1,0.75,0
610,38,3,2.25,0
610,67,3,3.57,0
610,79,3,7.32,0
610,73,2,4.88,0
610,19,3,15.36,0
610,27,5,3.5,0
610,48,5,3.15,0
611,33,4,2.8,0
611,60,2,5.62,0
611,43,2,1.5,0
611,22,5,2.0,0
611,61,1,3.56,0
611,41,4,3.4,0
611,23,2,1.0,0
611,9,1,18.0,0
611,40,2,1.5,0
611,26,1,0.6,0
612,59,3,10.14,0
612,13,1,7.16,0
612,80,4,0.16,0
612,77,2,3.9,0
612,9,3,54.0,0
612,82,5,3.0,0
612,29,3,1.5,0
612,81,1,1.2,0
612,25,3,1.32,0
613,55,5,5.0,0
613,40,3,2.25,0
613,80,4,0.16,0
613,33,5,3.5,0
613,70,2,4.22,0
614,76,2,4.56,0
614,14,2,14.32,0
615,23,3,1.5,0
615,73,1,2.44,0
615,17,5,38.0,0
615,76,4,9.12,0
615,43,5,3.75,0
616,78,3,8.790000000000001,0
616,79,4,9.76,0
616,27,2,1.4,0
616,1,2,28.8,0
616,28,1,0.4,0
616,19,2,10.24,0
616,22,4,1.6,0
616,42,1,0.63,0
616,7,2,31.6,0
616,66,4,3.96,0
617,61,3,10.68,0
617,39,5,4.25,0
617,16,2,14.32,0
617,72,4,8.44,0
617,49,4,3.0,0
617,46,3,1.8900000000000001,0
617,67,3,3.57,0
618,11,5,35.8,0
618,28,2,0.8,0
618,82,3,1.7999999999999998,0
618,19,4,20.48,0
618,72,4,8.44,0
618,63,3,0.12,0
618,16,5,35.8,0
618,56,3,1.92,0
618,23,1,0.5,0
619,60,3,8.43,0
619,55,2,2.0,0
619,79,5,12.2,0
619,25,4,1.76,0
619,48,2,1.26,0
619,2,2,28.8,0
620,47,5,3.75,0
620,25,1,0.44,0
620,76,3,6.84,0
620,43,1,0.75,0
620,48,3,1.8900000000000001,0
620,65,1,0.04,0
620,78,3,8.790000000000001,0
620,5,3,36.0,0
621,51,1,0.75,0
621,33,3,2.0999999999999996,0
621,81,1,1.2,0
621,74,1,2.28,0
621,61,5,17.8,0
621,59,4,13.52,0
621,23,4,2.0,0
621,83,5,2.1,0
622,5,3,36.0,0
622,4,5,81.8,0
623,23,2,1.0,0
623,11,4,28.64,0
623,16,1,7.16,0
624,82,1,0.6,0
624,41,1,0.85,0
624,70,3,6.33,0
624,25,5,2.2,0
624,3,3,35.400000000000006,0
624,22,5,2.0,0
624,47,5,3.75,0
624,2,4,57.6,0
625,8,1,36.0,0
625,25,5,2.2,0
625,19,3,15.36,0
625,11,2,14.32,0
625,57,1,0.78,0
625,36,5,3.75,0
625,26,5,3.0,0
626,23,1,0.5,0
626,40,3,2.25,0
626,72,3,6.33,0
626,16,3,21.48,0
626,60,5,14.05,0
626,12,5,35.8,0
626,15,1,7.4,0
627,12,2,14.32,0
627,41,5,4.25,0
627,81,1,1.2,0
628,2,2,28.8,0
628,82,3,1.7999999999999998,0
628,59,1,3.38,0
629,40,2,1.5,0
629,17,3,22.799999999999997,0
629,7,4,63.2,0
629,37,2,1.2,0
630,18,5,43.8,0
630,41,4,3.4,0
630,29,2,1.0,0
630,35,2,1.24,0
630,23,3,1.5,0
631,57,3,2.34,0
631,12,4,28.64,0
631,46,5,3.15,0
631,47,3,2.25,0
631,83,5,2.1,0
632,81,2,2.4,0
632,5,5,60.0,0
632,50,2,1.26,0
632,69,5,10.549999999999999,0
632,27,4,2.8,0
632,45,3,2.25,0
632,44,5,3.15,0
632,71,3,7.32,0
633,66,2,1.98,0
633,34,2,0.98,0
634,34,1,0.49,0
634,15,5,37.0,0
634,81,2,2.4,0
634,61,2,7.12,0
634,60,5,14.05,0
634,42,3,1.8900000000000001,0
634,73,4,9.76,0
634,76,1,2.28,0
635,14,3,21.48,0
635,2,2,28.8,0
635,54,4,2.52,0
635,43,3,2.25,0
635,83,1,0.42,0
635,24,3,1.7999999999999998,0
636,21,4,42.64,0
636,70,2,4.22,0
636,3,4,47.2,0
636,79,4,9.76,0
636,76,5,11.399999999999999,0
637,52,4,2.52,0
637,32,3,1.7999999999999998,0
637,48,5,3.15,0
637,44,4,2.52,0
637,39,1,0.85,0
637,30,5,3.0,0
637,14,4,28.64,0
638,35,5,3.1,0
638,52,5,3.15,0
638,4,2,32.72,0
638,66,2,1.98,0
638,39,5,4.25,0
638,68,2,5.62,0
638,73,2,4.88,0
639,43,1,0.75,0
639,12,3,21.48,0
639,19,3,15.36,0
640,51,2,1.5,0
640,59,1,3.38,0
640,19,2,10.24,0
640,23,3,1.5,0
640,40,1,0.75,0
640,24,2,1.2,0
640,27,4,2.8,0
640,12,2,14.32,0
641,72,3,6.33,0
641,1,4,57.6,0
641,21,3,31.98,0
642,61,5,17.8,0
642,51,2,1.5,0
643,49,4,3.0,0
643,32,1,0.6,0
643,50,2,1.26,0
643,41,2,1.7,0
643,52,3,1.8900000000000001,0
643,37,4,2.4,0
643,77,4,7.8,0
643,69,1,2.11,0
644,63,5,0.2,0
644,4,2,32.72,0
644,78,2,5.86,0
644,31,3,1.32,0
644,47,3,2.25,0
644,65,1,0.04,0
645,77,4,7.8,0
645,10,2,16.0,0
645,18,4,35.04,0
645,25,1,0.44,0
645,28,3,1.2000000000000002,0
645,56,1,0.64,0
645,44,4,2.52,0
645,84,2,3.44,0
645,55,2,2.0,0
645,37,3,1.7999999999999998,0
646,62,1,2.25,0
646,34,4,1.96,0
646,23,2,1.0,0
646,51,5,3.75,0
646,14,4,28.64,0
646,11,3,21.48,0
646,13,4,28.64,0
647,21,3,31.98,0
648,74,5,11.399999999999999,0
648,50,4,2.52,0
648,2,4,57.6,0
649,55,1,1.0,0
649,39,4,3.4,0
649,34,1,0.49,0
649,78,4,11.72,0
649,65,3,0.12,0
649,61,3,10.68,0
649,69,3,6.33,0
650,23,4,2.0,0
650,69,4,8.44,0
651,20,1,6.08,0
651,44,5,3.15,0
652,26,5,3.0,0
652,79,4,9.76,0
652,56,1,0.64,0
652,60,3,8.43,0
652,6,1,16.8,0
653,59,3,10.14,0
653,7,5,79.0,0
653,48,3,1.8900000000000001,0
653,55,3,3.0,0
653,38,1,0.75,0
653,70,3,6.33,0
653,23,3,1.5,0
653,46,4,2.52,0
654,58,3,7.89,0
655,82,1,0.6,0
655,77,1,1.95,0
655,46,1,0.63,0
655,69,4,8.44,0
655,32,2,1.2,0
656,69,1,2.11,0
656,17,2,15.2,0
657,56,3,1.92,0
657,45,4,3.0,0
657,80,2,0.08,0
657,68,5,14.05,0
657,59,1,3.38,0
657,10,3,24.0,0
657,48,1,0.63,0
657,19,5,25.6,0
658,49,5,3.75,0
658,11,3,21.48,0
659,55,4,4.0,0
659,3,2,23.6,0
659,33,1,0.7,0
659,56,1,0.64,0
659,25,5,2.2,0
660,39,5,4.25,0
660,66,5,4.95,0
660,32,1,0.6,0
660,48,5,3.15,0
660,61,2,7.12,0
661,36,2,1.5,0
661,65,1,0.04,0
661,78,4,11.72,0
661,24,3,1.7999999999999998,0
661,35,1,0.62,0
661,53,2,1.5,0
661,3,4,47.2,0
662,36,3,2.25,0
662,60,5,14.05,0
662,82,3,1.7999999999999998,0
663,29,2,1.0,0
663,3,3,35.400000000000006,0
664,9,5,90.0,0
664,37,5,3.0,0
664,59,5,16.9,0
664,54,5,3.15,0
665,70,4,8.44,0
665,61,5,17.8,0
665,2,3,43.2,0
665,44,3,1.8900000000000001,0
665,45,4,3.0,0
665,20,4,24.32,0
666,27,5,3.5,0
666,22,4,1.6,0
666,33,4,2.8,0
666,5,5,60.0,0
666,11,4,28.64,0
666,72,3,6.33,0
666,68,3,8.43,0
666,39,3,2.55,0
667,58,4,10.52,0
667,4,2,32.72,0
667,80,5,0.2,0
667,22,5,2.0,0
667,46,5,3.15,0
667,56,4,2.56,0
668,37,5,3.0,0
669,31,4,1.76,0
669,69,2,4.22,0
669,49,5,3.75,0
669,16,1,7.16,0
669,51,2,1.5,0
669,28,1,0.4,0
669,74,3,6.84,0
669,23,2,1.0,0
670,71,4,9.76,0
670,46,2,1.26,0
670,54,5,3.15,0
670,36,3,2.25,0
670,47,1,0.75,0
670,82,3,1.7999999999999998,0
670,65,5,0.2,0
671,51,2,1.5,0
671,52,4,2.52,0
671,60,3,8.43,0
671,58,2,5.26,0
671,23,4,2.0,0
671,37,1,0.6,0
671,69,3,6.33,0
671,84,2,3.44,0
671,13,4,28.64,0
672,84,4,6.88,0
672,54,4,2.52,0
672,25,1,0.44,0
672,80,2,0.08,0
672,18,5,43.8,0
672,65,1,0.04,0
672,77,5,9.75,0
672,53,1,0.75,0
672,42,5,3.15,0
672,32,2,1.2,0
673,81,4,4.8,0
673,12,3,21.48,0
673,3,5,59.0,0
673,84,4,6.88,0
673,71,5,12.2,0
673,25,2,0.88,0
673,59,3,10.14,0
673,31,2,0.88,0
673,61,2,7.12,0
673,42,2,1.26,0
674,9,1,18.0,0
674,27,5,3.5,0
674,60,4,11.24,0
674,32,5,3.0,0
674,57,2,1.56,0
675,60,5,14.05,0
675,83,1,0.42,0
675,78,3,8.790000000000001,0
676,32,4,2.4,0
676,9,1,18.0,0
676,5,4,48.0,0
677,61,4,14.24,0
677,10,4,32.0,0
677,34,5,2.45,0
677,16,5,35.8,0
677,83,5,2.1,0
677,4,4,65.44,0
677,62,1,2.25,0
677,38,4,3.0,0
677,6,3,50.400000000000006,0
678,66,4,3.96,0
678,55,1,1.0,0
678,14,2,14.32,0
678,34,5,2.45,0
678,15,2,14.8,0
678,47,4,3.0,0
678,44,2,1.26,0
679,62,2,4.5,0
679,34,1,0.49,0
679,43,1,0.75,0
679,59,4,13.52,0
680,34,3,1.47,0
680,38,4,3.0,0
680,43,4,3.0,0
680,73,3,7.32,0
681,5,2,24.0,0
681,19,5,25.6,0
681,37,1,0.6,0
681,29,3,1.5,0
681,73,3,7.32,0
681,38,3,2.25,0
681,21,5,53.3,0
681,82,3,1.7999999999999998,0
681,61,4,14.24,0
681,20,2,12.16,0
682,78,3,8.790000000000001,0
682,50,3,1.8900000000000001,0
682,82,2,1.2,0
683,28,5,2.0,0
684,19,5,25.6,0
684,2,3,43.2,0
684,47,5,3.75,0
684,67,4,4.76,0
684,62,5,11.25,0
685,45,2,1.5,0
685,76,5,11.399999999999999,0
685,41,5,4.25,0
686,49,4,3.0,0
686,83,2,0.84,0
686,68,4,11.24,0
686,23,4,2.0,0
686,2,1,14.4,0
686,44,2,1.26,0
687,27,2,1.4,0
687,20,3,18.240000000000002,0
687,78,1,2.93,0
687,84,2,3.44,0
687,46,4,2.52,0
688,73,1,2.44,0
688,68,2,5.62,0
688,26,3,1.7999999999999998,0
688,5,4,48.0,0
688,81,1,1.2,0
688,43,5,3.75,0
688,9,3,54.0,0
688,71,5,12.2,0
689,11,1,7.16,0
689,58,5,13.149999999999999,0
689,67,2,2.38,0
689,32,3,1.7999999999999998,0
689,24,2,1.2,0
689,30,4,2.4,0
689,23,1,0.5,0
689,78,3,8.790000000000001,0
689,71,3,7.32,0
690,25,1,0.44,0
690,17,5,38.0,0
691,8,2,72.0,0
691,30,2,1.2,0
691,75,5,11.399999999999999,0
691,62,4,9.0,0
691,13,5,35.8,0
692,41,1,0.85,0
693,62,1,2.25,0
693,57,1,0.78,0
693,61,2,7.12,0
693,13,5,35.8,0
694,28,5,2.0,0
694,63,3,0.12,0
694,73,1,2.44,0
694,75,4,9.12,0
694,15,4,29.6,0
694,83,2,0.84,0
694,76,5,11.399999999999999,0
694,59,1,3.38,0
694,33,4,2.8,0
694,77,3,5.85,0
695,81,2,2.4,0
695,43,5,3.75,0
695,62,5,11.25,0
695,37,3,1.7999999999999998,0
695,34,5,2.45,0
695,32,3,1.7999999999999998,0
695,36,5,3.75,0
695,65,3,0.12,0
696,15,2,14.8,0
696,63,1,0.04,0
696,41,5,4.25,0
696,61,4,14.24,0
696,21,2,21.32,0
696,9,4,72.0,0
696,39,1,0.85,0
696,57,3,2.34,0
697,24,2,1.2,0
697,14,2,14.32,0
697,28,3,1.2000000000000002,0
697,65,3,0.12,0
697,41,5,4.25,0
697,61,1,3.56,0
697,39,5,4.25,0
697,27,5,3.5,0
697,20,3,18.240000000000002,0
698,25,4,1.76,0
698,22,2,0.8,0
698,79,2,4.88,0
699,67,4,4.76,0
699,84,5,8.6,0
699,54,3,1.8900000000000001,0
699,30,3,1.7999999999999998,0
699,61,3,10.68,0
699,48,2,1.26,0
700,43,3,2.25,0
700,41,4,3.4,0
700,40,4,3.0,0
700,73,4,9.76,0
700,54,1,0.63,0
701,8,4,144.0,0
701,46,2,1.26,0
701,59,3,10.14,0
701,3,2,23.6,0
701,27,3,2.0999999999999996,0
701,38,3,2.25,0
701,4,3,49.08,0
702,49,3,2.25,0
702,72,5,10.549999999999999,0
702,26,2,1.2,0
702,80,5,0.2,0
702,57,3,2.34,0
702,14,1,7.16,0
702,32,2,1.2,0
703,62,5,11.25,0
703,61,1,3.56,0
703,50,4,2.52,0
703,32,3,1.7999999999999998,0
703,78,5,14.65,0
703,49,1,0.75,0
704,8,3,108.0,0
704,36,5,3.75,0
705,57,3,2.34,0
705,15,4,29.6,0
705,18,1,8.76,0
705,42,4,2.52,0
705,20,2,12.16,0
705,76,3,6.84,0
706,26,5,3.0,0
706,12,4,28.64,0
706,32,3,1.7999999999999998,0
706,74,5,11.399999999999999,0
706,34,5,2.45,0
706,68,3,8.43,0
706,3,2,23.6,0
706,9,3,54.0,0
706,47,4,3.0,0
706,28,2,0.8,0
707,60,2,5.62,0
707,59,3,10.14,0
707,43,2,1.5,0
707,34,3,1.47,0
707,78,1,2.93,0
707,18,1,8.76,0
708,55,4,4.0,0
708,63,1,0.04,0
708,68,1,2.81,0
708,66,3,2.9699999999999998,0
708,3,5,59.0,0
708,56,1,0.64,0
708,65,3,0.12,0
709,63,3,0.12,0
709,74,3,6.84,0
709,82,1,0.6,0
709,10,5,40.0,0
709,12,5,35.8,0
709,15,5,37.0,0
709,21,5,53.3,0
709,60,5,14.05,0
709,84,2,3.44,0
710,56,3,1.92,0
710,60,4,11.24,0
711,84,3,5.16,0
711,10,2,16.0,0
711,83,5,2.1,0
712,59,5,16.9,0
712,56,1,0.64,0
712,52,5,3.15,0
712,38,1,0.75,0
712,80,4,0.16,0
712,3,1,11.8,0
713,42,4,2.52,0
713,20,3,18.240000000000002,0
713,29,5,2.5,0
713,69,4,8.44,0
714,74,3,6.84,0
714,20,2,12.16,0
714,19,2,10.24,0
714,40,2,1.5,0
715,4,5,81.8,0
715,78,1,2.93,0
716,70,3,6.33,0
716,9,3,54.0,0
716,41,2,1.7,0
717,26,3,1.7999999999999998,0
717,21,4,42.64,0
717,35,2,1.24,0
717,28,3,1.2000000000000002,0
718,18,4,35.04,0
719,49,1,0.75,0
719,57,2,1.56,0
720,7,4,63.2,0
720,57,4,3.12,0
720,26,2,1.2,0
720,49,5,3.75,0
720,16,1,7.16,0
720,23,5,2.5,0
720,75,5,11.399999999999999,0
721,21,2,21.32,0
721,16,4,28.64,0
722,46,3,1.8900000000000001,0
722,54,2,1.26,0
722,27,1,0.7,0
722,65,3,0.12,0
722,62,3,6.75,0
722,66,1,0.99,0
722,59,1,3.38,0
722,1,4,57.6,0
722,52,1,0.63,0
722,47,3,2.25,0
723,56,3,1.92,0
723,30,1,0.6,0
724,61,1,3.56,0
724,36,3,2.25,0
724,6,2,33.6,0
724,32,2,1.2,0
724,73,1,2.44,0
724,17,5,38.0,0
724,20,2,12.16,0
725,5,1,12.0,0
725,77,2,3.9,0
725,38,3,2.25,0
725,80,4,0.16,0
725,21,4,42.64,0
725,23,2,1.0,0
725,67,2,2.38,0
725,24,3,1.7999999999999998,0
726,21,1,10.66,0
726,64,2,0.08,0
727,52,3,1.8900000000000001,0
727,34,5,2.45,0
727,42,1,0.63,0
727,4,3,49.08,0
727,61,1,3.56,0
728,53,1,0.75,0
728,70,4,8.44,0
728,77,5,9.75,0
729,21,1,10.66,0
729,2,3,43.2,0
729,29,1,0.5,0
730,9,1,18.0,0
730,61,4,14.24,0
730,54,5,3.15,0
730,57,2,1.56,0
730,78,1,2.93,0
730,40,4,3.0,0
730,33,2,1.4,0
731,70,3,6.33,0
731,79,1,2.44,0
731,62,4,9.0,0
731,74,2,4.56,0
731,17,2,15.2,0
731,66,2,1.98,0
732,29,1,0.5,0
732,13,4,28.64,0
732,37,5,3.0,0
733,32,2,1.2,0
733,33,2,1.4,0
734,43,4,3.0,0
734,76,5,11.399999999999999,0
734,67,5,5.949999999999999,0
734,35,2,1.24,0
734,42,4,2.52,0
735,19,5,25.6,0
735,5,4,48.0,0
735,81,1,1.2,0
735,26,2,1.2,0
735,2,2,28.8,0
735,82,1,0.6,0
736,21,4,42.64,0
736,42,1,0.63,0
736,74,4,9.12,0
736,62,3,6.75,0
737,81,5,6.0,0
737,52,4,2.52,0
737,28,4,1.6,0
737,80,3,0.12,0
738,57,1,0.78,0
738,36,5,3.75,0
738,44,3,1.8900000000000001,0
738,24,3,1.7999999999999998,0
738,63,5,0.2,0
738,59,1,3.38,0
738,67,3,3.57,0
738,9,3,54.0,0
738,55,1,1.0,0
739,17,1,7.6,0
739,30,4,2.4,0
739,15,1,7.4,0
739,71,3,7.32,0
739,45,3,2.25,0
739,58,4,10.52,0
739,11,5,35.8,0
739,24,4,2.4,0
739,66,2,1.98,0
740,29,1,0.5,0
740,26,3,1.7999999999999998,0
740,68,5,14.05,0
741,73,5,12.2,0
741,68,1,2.81,0
741,69,3,6.33,0
742,30,5,3.0,0
742,22,3,1.2000000000000002,0
742,21,1,10.66,0
742,82,5,3.0,0
742,29,2,1.0,0
742,70,5,10.549999999999999,0
742,55,2,2.0,0
742,36,1,0.75,0
742,52,3,1.8900000000000001,0
743,67,4,4.76,0
743,61,4,14.24,0
743,42,2,1.26,0
743,39,1,0.85,0
743,10,3,24.0,0
743,72,3,6.33,0
743,27,5,3.5,0
744,9,1,18.0,0
744,53,2,1.5,0
744,19,4,20.48,0
744,21,2,21.32,0
744,51,2,1.5,0
744,83,4,1.68,0
744,76,2,4.56,0
744,32,3,1.7999999999999998,0
744,10,2,16.0,0
744,36,2,1.5,0
745,16,5,35.8,0
745,20,2,12.16,0
745,57,2,1.56,0
745,36,3,2.25,0
745,2,1,14.4,0
745,67,3,3.57,0
745,68,1,2.81,0
746,61,2,7.12,0
746,57,3,2.34,0
746,16,5,35.8,0
746,79,4,9.76,0
746,20,1,6.08,0
746,44,3,1.8900000000000001,0
746,6,4,67.2,0
746,33,1,0.7,0
746,81,4,4.8,0
746,55,5,5.0,0
747,63,3,0.12,0
747,29,5,2.5,0
747,14,1,7.16,0
748,77,3,5.85,0
748,31,4,1.76,0
748,56,4,2.56,0
748,8,1,36.0,0
748,36,3,2.25,0
748,33,5,3.5,0
748,43,4,3.0,0
748,46,1,0.63,0
748,2,1,14.4,0
748,63,2,0.08,0
749,64,2,0.08,0
749,76,4,9.12,0
749,35,1,0.62,0
749,63,5,0.2,0
749,78,5,14.65,0
749,49,5,3.75,0
749,67,4,4.76,0
749,6,5,84.0,0
749,14,5,35.8,0
749,83,1,0.42,0
750,13,1,7.16,0
750,31,3,1.32,0
750,75,5,11.399999999999999,0
750,54,4,2.52,0
750,6,3,50.400000000000006,0
750,83,4,1.68,0
750,59,5,16.9,0
750,67,1,1.19,0
750,52,4,2.52,0
750,4,2,32.72,0
751,24,1,0.6,0
751,81,3,3.5999999999999996,0
751,13,3,21.48,0
751,53,1,0.75,0
751,59,3,10.14,0
751,46,3,1.8900000000000001,0
751,32,3,1.7999999999999998,0
751,58,1,2.63,0
751,42,4,2.52,0
751,82,3,1.7999999999999998,0
752,27,5,3.5,0
752,71,3,7.32,0
752,52,3,1.8900000000000001,0
753,64,1,0.04,0
753,43,3,2.25,0
753,79,5,12.2,0
754,41,3,2.55,0
754,13,1,7.16,0
754,82,4,2.4,0
754,80,4,0.16,0
755,49,2,1.5,0
755,34,4,1.96,0
755,45,3,2.25,0
756,47,2,1.5,0
756,22,3,1.2000000000000002,0
756,3,1,11.8,0
756,25,5,2.2,0
756,40,5,3.75,0
756,83,5,2.1,0
756,38,5,3.75,0
756,69,2,4.22,0
757,80,1,0.04,0
757,26,1,0.6,0
757,12,5,35.8,0
757,52,3,1.8900000000000001,0
757,19,3,15.36,0
757,69,3,6.33,0
757,51,2,1.5,0
758,14,3,21.48,0
758,79,5,12.2,0
758,11,3,21.48,0
758,29,4,2.0,0
758,6,2,33.6,0
758,71,2,4.88,0
758,36,1,0.75,0
759,29,2,1.0,0
759,32,2,1.2,0
759,57,2,1.56,0
759,19,1,5.12,0
759,38,2,1.5,0
759,3,5,59.0,0
759,62,4,9.0,0
759,54,5,3.15,0
760,73,2,4.88,0
760,53,2,1.5,0
760,67,5,5.949999999999999,0
760,52,5,3.15,0
760,50,3,1.8900000000000001,0
760,47,3,2.25,0
760,56,3,1.92,0
760,31,3,1.32,0
760,70,3,6.33,0
761,18,3,26.28,0
761,32,5,3.0,0
762,17,1,7.6,0
762,65,4,0.16,0
762,69,3,6.33,0
762,14,5,35.8,0
762,30,3,1.7999999999999998,0
762,83,5,2.1,0
762,29,4,2.0,0
762,35,5,3.1,0
762,7,4,63.2,0
762,80,4,0.16,0
763,76,4,9.12,0
763,9,2,36.0,0
763,3,5,59.0,0
763,58,5,13.149999999999999,0
763,84,1,1.72,0
763,45,4,3.0,0
763,19,1,5.12,0
763,46,1,0.63,0
764,73,3,7.32,0
764,4,5,81.8,0
764,63,4,0.16,0
764,18,4,35.04,0
764,28,4,1.6,0
765,69,3,6.33,0
765,43,2,1.5,0
765,73,5,12.2,0
765,53,2,1.5,0
765,70,5,10.549999999999999,0
766,1,5,72.0,0
766,7,3,47.400000000000006,0
766,76,1,2.28,0
766,10,5,40.0,0
766,9,5,90.0,0
766,53,2,1.5,0
767,32,5,3.0,0
767,23,2,1.0,0
767,4,4,65.44,0
767,16,3,21.48,0
768,13,4,28.64,0
768,74,4,9.12,0
769,49,4,3.0,0
769,18,3,26.28,0
769,24,1,0.6,0
769,40,3,2.25,0
769,23,4,2.0,0
769,33,4,2.8,0
769,12,2,14.32,0
770,52,2,1.26,0
770,30,3,1.7999999999999998,0
770,83,1,0.42,0
770,44,4,2.52,0
770,13,5,35.8,0
771,3,5,59.0,0
771,8,5,180.0,0
771,48,1,0.63,0
771,22,1,0.4,0
771,68,1,2.81,0
772,42,4,2.52,0
773,4,5,81.8,0
773,73,3,7.32,0
773,9,2,36.0,0
773,25,5,2.2,0
773,64,2,0.08,0
774,28,3,1.2000000000000002,0
774,13,2,14.32,0
774,77,3,5.85,0
774,74,2,4.56,0
774,57,2,1.56,0
774,65,2,0.08,0
774,4,5,81.8,0
774,5,5,60.0,0
774,16,3,21.48,0
775,14,3,21.48,0
775,24,5,3.0,0
775,67,2,2.38,0
775,13,4,28.64,0
775,25,5,2.2,0
776,79,3,7.32,0
776,59,5,16.9,0
776,50,4,2.52,0
777,71,1,2.44,0
777,44,2,1.26,0
778,19,2,10.24,0
778,63,2,0.08,0
778,52,1,0.63,0
778,46,1,0.63,0
778,62,5,11.25,0
778,13,5,35.8,0
779,84,3,5.16,0
779,68,5,14.05,0
780,69,5,10.549999999999999,0
780,51,5,3.75,0
780,83,2,0.84,0
780,37,3,1.7999999999999998,0
780,18,4,35.04,0
780,26,3,1.7999999999999998,0
780,81,4,4.8,0
780,52,4,2.52,0
780,49,1,0.75,0
780,63,1,0.04,0
781,14,3,21.48,0
781,72,4,8.44,0
781,79,4,9.76,0
781,40,4,3.0,0
781,37,1,0.6,0
781,68,1,2.81,0
781,25,1,0.44,0
781,76,5,11.399999999999999,0
782,23,3,1.5,0
782,7,5,79.0,0
782,4,1,16.36,0
782,39,4,3.4,0
782,25,3,1.32,0
782,69,1,2.11,0
782,56,5,3.2,0
782,68,2,5.62,0
782,66,3,2.9699999999999998,0
783,28,1,0.4,0
784,24,2,1.2,0
784,41,1,0.85,0
784,27,4,2.8,0
784,74,5,11.399999999999999,0
784,2,1,14.4,0
784,49,2,1.5,0
784,15,3,22.200000000000003,0
784,1,2,28.8,0
785,23,4,2.0,0
785,30,3,1.7999999999999998,0
785,52,1,0.63,0
785,20,2,12.16,0
785,77,2,3.9,0
785,80,3,0.12,0
786,74,3,6.84,0
786,27,3,2.0999999999999996,0
786,53,1,0.75,0
786,54,4,2.52,0
786,49,3,2.25,0
786,25,4,1.76,0
786,33,5,3.5,0
787,81,4,4.8,0
788,58,2,5.26,0
789,10,1,8.0,0
789,15,2,14.8,0
789,63,1,0.04,0
789,24,5,3.0,0
790,22,3,1.2000000000000002,0
790,51,3,2.25,0
790,69,3,6.33,0
790,37,5,3.0,0
790,34,1,0.49,0
790,16,4,28.64,0
791,12,5,35.8,0
791,64,2,0.08,0
791,17,5,38.0,0
791,5,4,48.0,0
792,14,1,7.16,0
792,30,1,0.6,0
792,50,2,1.26,0
792,11,1,7.16,0
792,31,4,1.76,0
792,79,3,7.32,0
792,57,2,1.56,0
792,77,1,1.95,0
793,25,2,0.88,0
793,41,1,0.85,0
793,73,1,2.44,0
793,20,3,18.240000000000002,0
793,33,2,1.4,0
793,45,4,3.0,0
793,26,1,0.6,0
793,51,4,3.0,0
793,38,5,3.75,0
794,29,2,1.0,0
794,81,2,2.4,0
795,57,1,0.78,0
795,9,2,36.0,0
795,78,5,14.65,0
795,37,5,3.0,0
795,21,2,21.32,0
795,71,3,7.32,0
796,15,1,7.4,0
797,67,5,5.949999999999999,0
797,3,5,59.0,0
797,22,3,1.2000000000000002,0
797,48,1,0.63,0
797,19,1,5.12,0
797,30,1,0.6,0
797,49,1,0.75,0
798,8,4,144.0,0
798,73,1,2.44,0
798,29,1,0.5,0
798,70,1,2.11,0
798,3,4,47.2,0
798,74,4,9.12,0
798,37,5,3.0,0
798,50,4,2.52,0
798,31,4,1.76,0
798,79,3,7.32,0
799,82,4,2.4,0
799,62,2,4.5,0
799,59,5,16.9,0
799,47,2,1.5,0
799,19,3,15.36,0
799,23,4,2.0,0
800,21,3,31.98,0
800,3,4,47.2,0
800,39,2,1.7,0
800,6,4,67.2,0
800,53,5,3.75,0
801,52,2,1.26,0
801,81,3,3.5999999999999996,0
801,27,4,2.8,0
801,54,4,2.52,0
802,58,4,10.52,0
802,50,4,2.52,0
802,47,3,2.25,0
802,42,4,2.52,0
802,18,5,43.8,0
802,27,2,1.4,0
802,28,2,0.8,0
802,73,2,4.88,0
803,47,4,3.0,0
803,71,4,9.76,0
803,48,3,1.8900000000000001,0
803,28,4,1.6,0
803,19,4,20.48,0
803,14,5,35.8,0
803,84,4,6.88,0
803,39,5,4.25,0
803,53,1,0.75,0
803,26,2,1.2,0
804,71,2,4.88,0
804,50,5,3.15,0
804,56,2,1.28,0
804,57,1,0.78,0
804,27,4,2.8,0
804,73,2,4.88,0
805,73,2,4.88,0
805,83,4,1.68,0
805,74,2,4.56,0
805,20,4,24.32,0
805,41,4,3.4,0
806,17,4,30.4,0
806,41,5,4.25,0
806,79,5,12.2,0
806,81,1,1.2,0
807,9,1,18.0,0
807,3,1,11.8,0
808,43,1,0.75,0
809,46,2,1.26,0
809,20,2,12.16,0
809,40,1,0.75,0
809,47,5,3.75,0
809,41,5,4.25,0
809,58,4,10.52,0
810,23,3,1.5,0
810,39,1,0.85,0
810,72,2,4.22,0
810,20,2,12.16,0
810,54,1,0.63,0
810,69,5,10.549999999999999,0
811,21,5,53.3,0
811,71,4,9.76,0
811,36,2,1.5,0
811,15,2,14.8,0
811,57,1,0.78,0
811,6,2,33.6,0
811,49,4,3.0,0
812,62,2,4.5,0
812,3,5,59.0,0
812,47,4,3.0,0
812,75,5,11.399999999999999,0
812,24,4,2.4,0
812,63,5,0.2,0
812,45,3,2.25,0
813,48,1,0.63,0
813,23,2,1.0,0
814,39,4,3.4,0
814,20,1,6.08,0
814,26,3,1.7999999999999998,0
814,38,1,0.75,0
814,46,5,3.15,0
814,64,1,0.04,0
814,80,5,0.2,0
814,54,2,1.26,0
814,47,3,2.25,0
814,25,5,2.2,0
815,67,1,1.19,0
815,63,3,0.12,0
815,22,1,0.4,0
815,84,2,3.44,0
815,40,3,2.25,0
816,56,3,1.92,0
816,6,3,50.400000000000006,0
816,59,1,3.38,0
816,43,5,3.75,0
816,5,2,24.0,0
816,80,1,0.04,0
816,74,1,2.28,0
816,39,4,3.4,0
817,61,4,14.24,0
817,50,1,0.63,0
817,35,4,2.48,0
817,43,3,2.25,0
818,55,4,4.0,0
818,44,2,1.26,0
818,45,3,2.25,0
818,71,2,4.88,0
818,63,3,0.12,0
818,35,1,0.62,0
818,58,1,2.63,0
818,41,5,4.25,0
818,15,1,7.4,0
819,14,2,14.32,0
819,10,2,16.0,0
819,48,1,0.63,0
820,74,2,4.56,0
820,12,1,7.16,0
820,2,1,14.4,0
821,80,1,0.04,0
821,20,5,30.4,0
821,81,4,4.8,0
821,43,1,0.75,0
821,79,1,2.44,0
821,8,2,72.0,0
822,11,2,14.32,0
822,12,1,7.16,0
822,1,4,57.6,0
822,30,2,1.2,0
823,11,4,28.64,0
824,81,5,6.0,0
824,25,4,1.76,0
824,26,4,2.4,0
824,78,2,5.86,0
824,61,3,10.68,0
824,76,1,2.28,0
825,24,5,3.0,0
825,1,1,14.4,0
825,23,2,1.0,0
825,34,2,0.98,0
825,70,5,10.549999999999999,0
825,25,1,0.44,0
825,10,2,16.0,0
825,42,2,1.26,0
826,51,5,3.75,0
826,38,5,3.75,0
826,53,5,3.75,0
827,28,4,1.6,0
827,33,3,2.0999999999999996,0
827,31,5,2.2,0
827,1,3,43.2,0
827,37,2,1.2,0
828,8,1,36.0,0
828,64,3,0.12,0
829,80,4,0.16,0
830,58,1,2.63,0
830,12,3,21.48,0
831,47,5,3.75,0
831,9,5,90.0,0
831,34,3,1.47,0
831,58,3,7.89,0
831,62,3,6.75,0
831,64,3,0.12,0
831,63,3,0.12,0
831,70,2,4.22,0
831,30,5,3.0,0
831,22,1,0.4,0
832,53,4,3.0,0
832,60,3,8.43,0
832,52,4,2.52,0
832,58,2,5.26,0
832,19,4,20.48,0
832,54,1,0.63,0
833,41,4,3.4,0
833,81,2,2.4,0
833,52,3,1.8900000000000001,0
834,56,2,1.28,0
835,76,2,4.56,0
835,28,1,0.4,0
835,3,4,47.2,0
836,20,3,18.240000000000002,0
836,44,2,1.26,0
836,3,4,47.2,0
836,51,2,1.5,0
836,39,5,4.25,0
836,36,2,1.5,0
836,25,4,1.76,0
836,78,4,11.72,0
837,56,2,1.28,0
837,63,1,0.04,0
837,46,1,0.63,0
837,9,3,54.0,0
837,62,5,11.25,0
837,38,2,1.5,0
837,31,5,2.2,0
838,28,4,1.6,0
838,63,1,0.04,0
838,40,2,1.5,0
838,44,3,1.8900000000000001,0
838,80,4,0.16,0
838,79,1,2.44,0
838,77,2,3.9,0
838,68,3,8.43,0
839,48,2,1.26,0
839,73,4,9.76,0
839,9,1,18.0,0
839,58,3,7.89,0
839,54,2,1.26,0
839,27,3,2.0999999999999996,0
840,41,4,3.4,0
840,36,5,3.75,0
840,44,5,3.15,0
840,43,2,1.5,0
841,42,5,3.15,0
841,30,5,3.0,0
841,79,2,4.88,0
842,63,5,0.2,0
842,61,1,3.56,0
842,41,5,4.25,0
842,13,4,28.64,0
843,80,3,0.12,0
843,11,5,35.8,0
843,63,4,0.16,0
844,35,1,0.62,0
844,58,4,10.52,0
844,25,3,1.32,0
844,19,3,15.36,0
844,8,4,144.0,0
844,32,2,1.2,0
844,82,1,0.6,0
844,42,3,1.8900000000000001,0
844,80,4,0.16,0
844,72,2,4.22,0
845,41,4,3.4,0
845,78,5,14.65,0
845,26,2,1.2,0
845,77,5,9.75,0
845,16,3,21.48,0
846,25,5,2.2,0
847,37,2,1.2,0
847,49,4,3.0,0
847,2,3,43.2,0
847,34,2,0.98,0
847,19,3,15.36,0
847,4,1,16.36,0
847,84,4,6.88,0
847,11,3,21.48,0
847,60,2,5.62,0
848,81,4,4.8,0
848,72,2,4.22,0
848,77,4,7.8,0
848,41,1,0.85,0
848,36,4,3.0,0
848,26,5,3.0,0
848,59,3,10.14,0
848,21,5,53.3,0
849,42,1,0.63,0
849,16,1,7.16,0
849,71,4,9.76,0
850,19,3,15.36,0
850,49,5,3.75,0
850,4,4,65.44,0
850,83,3,1.26,0
850,51,2,1.5,0
850,42,5,3.15,0
851,83,3,1.26,0
852,73,5,12.2,0
852,6,5,84.0,0
852,8,2,72.0,0
852,64,1,0.04,0
852,9,2,36.0,0
852,20,1,6.08,0
853,21,2,21.32,0
853,12,3,21.48,0
853,46,3,1.8900000000000001,0
853,11,4,28.64,0
853,44,1,0.63,0
853,64,4,0.16,0
853,70,1,2.11,0
853,68,4,11.24,0
853,83,4,1.68,0
854,71,1,2.44,0
854,27,4,2.8,0
854,21,1,10.66,0
855,30,2,1.2,0
855,8,5,180.0,0
855,4,1,16.36,0
855,83,2,0.84,0
855,62,1,2.25,0
856,29,2,1.0,0
857,18,5,43.8,0
857,41,3,2.55,0
857,50,4,2.52,0
858,66,3,2.9699999999999998,0
859,4,4,65.44,0
859,71,1,2.44,0
859,6,2,33.6,0
859,76,1,2.28,0
859,27,2,1.4,0
859,75,4,9.12,0
859,1,3,43.2,0
859,11,5,35.8,0
860,66,2,1.98,0
860,51,2,1.5,0
860,20,5,30.4,0
860,1,5,72.0,0
860,37,3,1.7999999999999998,0
860,72,3,6.33,0
861,50,2,1.26,0
861,26,5,3.0,0
861,33,3,2.0999999999999996,0
861,42,3,1.8900000000000001,0
861,51,1,0.75,0
861,84,3,5.16,0
861,58,1,2.63,0
861,78,5,14.65,0
861,52,2,1.26,0
862,15,1,7.4,0
862,50,1,0.63,0
862,27,2,1.4,0
863,39,2,1.7,0
863,76,3,6.84,0
863,47,4,3.0,0
863,7,2,31.6,0
863,73,3,7.32,0
863,28,5,2.0,0
863,4,3,49.08,0
863,2,2,28.8,0
863,24,3,1.7999999999999998,0
863,27,4,2.8,0
864,42,4,2.52,0
864,51,5,3.75,0
864,22,4,1.6,0
864,62,5,11.25,0
864,77,3,5.85,0
864,32,1,0.6,0
864,79,1,2.44,0
865,4,5,81.8,0
866,2,3,43.2,0
867,39,4,3.4,0
868,73,2,4.88,0
868,13,1,7.16,0
868,48,2,1.26,0
868,83,2,0.84,0
868,55,3,3.0,0
868,10,3,24.0,0
868,54,1,0.63,0
869,5,1,12.0,0
869,39,2,1.7,0
869,34,4,1.96,0
869,27,1,0.7,0
869,82,1,0.6,0
870,23,1,0.5,0
870,15,1,7.4,0
870,31,4,1.76,0
870,75,5,11.399999999999999,0
870,35,3,1.8599999999999999,0
870,3,5,59.0,0
870,62,1,2.25,0
870,20,2,12.16,0
871,51,4,3.0,0
871,4,1,16.36,0
872,56,4,2.56,0
872,53,2,1.5,0
872,2,5,72.0,0
872,6,1,16.8,0
872,36,3,2.25,0
872,62,2,4.5,0
872,35,1,0.62,0
872,25,2,0.88,0
873,1,1,14.4,0
873,73,4,9.76,0
873,72,4,8.44,0
873,30,1,0.6,0
873,37,3,1.7999999999999998,0
873,12,5,35.8,0
873,48,4,2.52,0
873,61,5,17.8,0
874,48,3,1.8900000000000001,0
874,71,5,12.2,0
874,19,3,15.36,0
875,53,2,1.5,0
875,75,4,9.12,0
875,48,4,2.52,0
875,45,3,2.25,0
875,19,4,20.48,0
875,70,4,8.44,0
876,56,1,0.64,0
876,78,3,8.790000000000001,0
876,18,3,26.28,0
876,46,4,2.52,0
876,58,5,13.149999999999999,0
876,22,1,0.4,0
877,65,2,0.08,0
877,77,3,5.85,0
877,70,2,4.22,0
877,74,2,4.56,0
877,27,4,2.8,0
877,11,4,28.64,0
878,65,5,0.2,0
878,6,5,84.0,0
879,74,1,2.28,0
879,33,5,3.5,0
880,30,3,1.7999999999999998,0
880,63,1,0.04,0
880,42,3,1.8900000000000001,0
881,51,5,3.75,0
881,29,5,2.5,0
881,45,4,3.0,0
881,14,2,14.32,0
881,82,4,2.4,0
881,20,2,12.16,0
881,1,5,72.0,0
881,64,2,0.08,0
881,10,3,24.0,0
882,52,3,1.8900000000000001,0
882,27,5,3.5,0
882,82,1,0.6,0
882,25,1,0.44,0
883,4,3,49.08,0
884,27,2,1.4,0
884,10,1,8.0,0
885,58,1,2.63,0
885,55,3,3.0,0
885,52,1,0.63,0
885,77,3,5.85,0
885,44,4,2.52,0
886,27,3,2.0999999999999996,0
886,55,5,5.0,0
886,76,4,9.12,0
886,82,5,3.0,0
886,6,4,67.2,0
886,5,4,48.0,0
887,45,1,0.75,0
887,33,4,2.8,0
887,50,5,3.15,0
887,13,4,28.64,0
887,76,5,11.399999999999999,0
887,63,1,0.04,0
888,5,4,48.0,0
888,12,4,28.64,0
888,33,5,3.5,0
888,11,2,14.32,0
888,81,1,1.2,0
888,59,4,13.52,0
888,44,2,1.26,0
889,61,1,3.56,0
889,42,3,1.8900000000000001,0
889,71,4,9.76,0
889,28,5,2.0,0
889,53,1,0.75,0
889,2,2,28.8,0
889,76,1,2.28,0
889,65,4,0.16,0
889,9,5,90.0,0
889,24,4,2.4,0
890,73,4,9.76,0
890,69,1,2.11,0
890,33,5,3.5,0
890,16,5,35.8,0
890,63,2,0.08,0
891,38,2,1.5,0
891,6,3,50.400000000000006,0
891,77,3,5.85,0
891,55,1,1.0,0
891,20,1,6.08,0
891,26,4,2.4,0
891,63,2,0.08,0
891,1,4,57.6,0
892,49,1,0.75,0
892,39,2,1.7,0
892,29,3,1.5,0
893,64,2,0.08,0
893,57,1,0.78,0
893,13,2,14.32,0
893,18,2,17.52,0
893,78,5,14.65,0
893,4,4,65.44,0
893,47,4,3.0,0
893,3,5,59.0,0
893,48,5,3.15,0
893,14,4,28.64,0
894,5,3,36.0,0
894,56,5,3.2,0
894,55,1,1.0,0
894,9,1,18.0,0
894,34,3,1.47,0
894,61,4,14.24,0
894,65,2,0.08,0
894,18,1,8.76,0
895,21,1,10.66,0
896,24,2,1.2,0
896,58,5,13.149999999999999,0
896,48,5,3.15,0
896,34,4,1.96,0
896,9,2,36.0,0
896,75,4,9.12,0
896,15,5,37.0,0
896,6,2,33.6,0
896,26,2,1.2,0
896,39,2,1.7,0
897,2,3,43.2,0
897,8,5,180.0,0
897,15,5,37.0,0
897,35,5,3.1,0
897,68,1,2.81,0
897,39,2,1.7,0
897,41,2,1.7,0
898,28,2,0.8,0
898,61,4,14.24,0
898,62,2,4.5,0
898,13,2,14.32,0
898,50,5,3.15,0
898,82,5,3.0,0
898,10,2,16.0,0
898,17,5,38.0,0
899,9,4,72.0,0
899,66,1,0.99,0
899,73,2,4.88,0
900,81,4,4.8,0
900,47,2,1.5,0
900,34,4,1.96,0
900,8,4,144.0,0
901,42,4,2.52,0
902,25,3,1.32,0
903,58,5,13.149999999999999,0
903,29,2,1.0,0
903,62,5,11.25,0
903,66,4,3.96,0
903,83,2,0.84,0
903,31,5,2.2,0
903,67,3,3.57,0
904,10,4,32.0,0
904,77,1,1.95,0
904,54,1,0.63,0
904,72,1,2.11,0
904,19,1,5.12,0
904,48,3,1.8900000000000001,0
904,51,3,2.25,0
904,60,3,8.43,0
905,69,5,10.549999999999999,0
905,42,3,1.8900000000000001,0
905,61,5,17.8,0
905,63,4,0.16,0
905,76,5,11.399999999999999,0
906,77,5,9.75,0
906,18,4,35.04,0
906,44,1,0.63,0
906,63,3,0.12,0
906,69,5,10.549999999999999,0
906,79,1,2.44,0
906,33,3,2.0999999999999996,0
906,35,3,1.8599999999999999,0
906,66,2,1.98,0
906,41,3,2.55,0
907,73,2,4.88,0
907,45,3,2.25,0
907,25,3,1.32,0
907,67,4,4.76,0
908,34,5,2.45,0
908,55,2,2.0,0
908,79,2,4.88,0
908,38,2,1.5,0
908,47,5,3.75,0
909,42,2,1.26,0
909,60,5,14.05,0
909,67,2,2.38,0
909,16,3,21.48,0
909,82,2,1.2,0
909,27,5,3.5,0
909,44,2,1.26,0
909,83,4,1.68,0
909,48,2,1.26,0
910,62,3,6.75,0
910,73,4,9.76,0
910,69,3,6.33,0
910,19,3,15.36,0
910,78,1,2.93,0
910,33,1,0.7,0
910,49,5,3.75,0
911,1,1,14.4,0
911,25,3,1.32,0
911,64,4,0.16,0
911,71,5,12.2,0
911,36,5,3.75,0
911,73,4,9.76,0
911,26,3,1.7999999999999998,0
912,55,4,4.0,0
913,14,4,28.64,0
913,56,4,2.56,0
913,41,1,0.85,0
913,18,2,17.52,0
913,16,3,21.48,0
913,7,1,15.8,0
913,9,3,54.0,0
913,71,5,12.2,0
913,35,2,1.24,0
913,13,4,28.64,0
914,6,5,84.0,0
914,8,1,36.0,0
914,15,3,22.200000000000003,0
914,80,3,0.12,0
915,56,2,1.28,0
915,30,2,1.2,0
915,80,5,0.2,0
915,74,3,6.84,0
915,71,3,7.32,0
916,20,1,6.08,0
916,71,5,12.2,0
916,41,2,1.7,0
916,22,4,1.6,0
917,70,5,10.549999999999999,0
917,3,2,23.6,0
917,12,5,35.8,0
917,79,3,7.32,0
918,16,1,7.16,0
918,32,4,2.4,0
918,29,2,1.0,0
918,59,5,16.9,0
918,22,2,0.8,0
918,36,1,0.75,0
918,1,2,28.8,0
918,40,4,3.0,0
919,77,4,7.8,0
919,58,2,5.26,0
919,30,1,0.6,0
919,11,4,28.64,0
919,57,4,3.12,0
919,20,4,24.32,0
919,79,4,9.76,0
919,3,5,59.0,0
919,35,2,1.24,0
919,63,4,0.16,0
920,44,3,1.8900000000000001,0
920,3,4,47.2,0
920,65,5,0.2,0
920,50,4,2.52,0
920,78,2,5.86,0
920,48,2,1.26,0
920,10,5,40.0,0
920,49,2,1.5,0
920,52,2,1.26,0
921,41,3,2.55,0
921,52,3,1.8900000000000001,0
921,32,3,1.7999999999999998,0
921,30,4,2.4,0
922,61,1,3.56,0
922,73,2,4.88,0
922,83,1,0.42,0
922,58,1,2.63,0
922,50,5,3.15,0
922,45,3,2.25,0
922,49,1,0.75,0
922,63,4,0.16,0
922,55,1,1.0,0
922,56,3,1.92,0
923,30,3,1.7999999999999998,0
923,47,3,2.25,0
923,62,2,4.5,0
923,22,2,0.8,0
923,75,5,11.399999999999999,0
923,77,5,9.75,0
924,5,4,48.0,0
924,47,1,0.75,0
924,30,1,0.6,0
924,21,1,10.66,0
925,71,1,2.44,0
925,33,1,0.7,0
925,68,3,8.43,0
925,58,2,5.26,0
925,38,2,1.5,0
925,56,3,1.92,0
925,24,2,1.2,0
925,53,3,2.25,0
925,22,5,2.0,0
925,9,2,36.0,0
926,80,1,0.04,0
926,74,2,4.56,0
927,71,4,9.76,0
927,55,2,2.0,0
927,31,1,0.44,0
927,26,5,3.0,0
927,10,1,8.0,0
928,35,2,1.24,0
928,69,1,2.11,0
929,71,3,7.32,0
929,23,2,1.0,0
929,69,2,4.22,0
929,32,1,0.6,0
929,42,2,1.26,0
929,35,5,3.1,0
929,3,5,59.0,0
929,65,1,0.04,0
930,18,2,17.52,0
930,7,4,63.2,0
930,20,2,12.16,0
930,31,5,2.2,0
930,48,5,3.15,0
930,36,4,3.0,0
930,32,4,2.4,0
931,15,2,14.8,0
931,21,5,53.3,0
931,6,1,16.8,0
932,18,1,8.76,0
932,37,4,2.4,0
932,68,4,11.24,0
932,51,5,3.75,0
932,70,4,8.44,0
932,60,5,14.05,0
932,46,5,3.15,0
933,52,3,1.8900000000000001,0
933,68,4,11.24,0
933,22,5,2.0,0
933,64,2,0.08,0
933,5,2,24.0,0
933,10,5,40.0,0
933,48,3,1.8900000000000001,0
933,15,5,37.0,0
933,53,4,3.0,0
933,49,3,2.25,0
934,4,3,49.08,0
934,63,2,0.08,0
934,3,2,23.6,0
934,56,2,1.28,0
934,58,5,13.149999999999999,0
934,18,3,26.28,0
935,32,2,1.2,0
935,3,2,23.6,0
935,57,3,2.34,0
935,63,4,0.16,0
935,60,4,11.24,0
935,48,2,1.26,0
935,17,4,30.4,0
936,32,2,1.2,0
937,38,3,2.25,0
937,7,3,47.400000000000006,0
938,50,4,2.52,0
938,10,5,40.0,0
938,38,3,2.25,0
938,66,5,4.95,0
938,62,1,2.25,0
938,9,3,54.0,0
938,43,2,1.5,0
938,40,5,3.75,0
939,2,1,14.4,0
939,19,5,25.6,0
939,35,1,0.62,0
940,66,2,1.98,0
941,48,1,0.63,0
941,58,4,10.52,0
941,43,5,3.75,0
941,59,3,10.14,0
941,80,3,0.12,0
941,37,3,1.7999999999999998,0
941,7,5,79.0,0
941,75,1,2.28,0
941,57,4,3.12,0
942,66,1,0.99,0
942,71,5,12.2,0
942,65,1,0.04,0
942,20,4,24.32,0
942,43,4,3.0,0
942,82,3,1.7999999999999998,0
942,19,2,10.24,0
943,12,5,35.8,0
943,50,3,1.8900000000000001,0
943,51,2,1.5,0
943,6,1,16.8,0
944,2,2,28.8,0
944,25,4,1.76,0
944,73,2,4.88,0
944,54,2,1.26,0
944,55,5,5.0,0
945,33,2,1.4,0
945,1,1,14.4,0
945,21,1,10.66,0
945,34,4,1.96,0
945,9,2,36.0,0
945,60,2,5.62,0
945,64,1,0.04,0
945,11,4,28.64,0
945,44,5,3.15,0
945,48,4,2.52,0
946,74,5,11.399999999999999,0
946,71,3,7.32,0
946,81,3,3.5999999999999996,0
946,68,2,5.62,0
946,76,5,11.399999999999999,0
947,77,2,3.9,0
947,29,1,0.5,0
947,56,4,2.56,0
947,35,3,1.8599999999999999,0
947,66,3,2.9699999999999998,0
948,52,1,0.63,0
948,76,3,6.84,0
948,33,1,0.7,0
948,19,5,25.6,0
948,29,2,1.0,0
948,32,4,2.4,0
948,20,1,6.08,0
948,70,5,10.549999999999999,0
949,53,4,3.0,0
949,54,5,3.15,0
949,43,3,2.25,0
949,11,2,14.32,0
949,21,5,53.3,0
949,62,1,2.25,0
950,8,4,144.0,0
950,52,4,2.52,0
950,20,4,24.32,0
950,61,1,3.56,0
950,43,3,2.25,0
950,16,3,21.48,0
951,63,4,0.16,0
951,51,5,3.75,0
951,28,4,1.6,0
951,56,2,1.28,0
952,32,5,3.0,0
952,22,3,1.2000000000000002,0
952,21,5,53.3,0
952,42,5,3.15,0
952,49,1,0.75,0
953,11,1,7.16,0
953,2,2,28.8,0
954,55,4,4.0,0
954,12,2,14.32,0
954,7,1,15.8,0
954,61,2,7.12,0
954,5,2,24.0,0
954,38,3,2.25,0
954,46,5,3.15,0
954,6,2,33.6,0
954,40,3,2.25,0
955,5,5,60.0,0
955,11,1,7.16,0
956,1,2,28.8,0
956,22,4,1.6,0
956,63,1,0.04,0
956,35,5,3.1,0
956,38,5,3.75,0
956,68,1,2.81,0
956,79,3,7.32,0
956,18,1,8.76,0
956,60,5,14.05,0
956,34,2,0.98,0
957,13,4,28.64,0
957,78,2,5.86,0
957,37,1,0.6,0
957,51,3,2.25,0
957,21,4,42.64,0
957,58,3,7.89,0
957,66,3,2.9699999999999998,0
957,38,4,3.0,0
957,54,2,1.26,0
958,42,2,1.26,0
958,31,4,1.76,0
958,20,2,12.16,0
958,5,1,12.0,0
958,8,5,180.0,0
959,19,1,5.12,0
959,58,2,5.26,0
960,10,3,24.0,0
960,43,3,2.25,0
960,75,2,4.56,0
961,56,4,2.56,0
961,16,5,35.8,0
961,76,3,6.84,0
961,27,4,2.8,0
961,84,1,1.72,0
961,47,2,1.5,0
961,51,2,1.5,0
961,45,1,0.75,0
962,5,3,36.0,0
963,24,4,2.4,0
963,60,4,11.24,0
963,42,4,2.52,0
963,18,3,26.28,0
963,55,3,3.0,0
963,73,2,4.88,0
963,1,2,28.8,0
964,54,1,0.63,0
964,63,3,0.12,0
964,19,1,5.12,0
964,18,2,17.52,0
964,66,5,4.95,0
965,36,2,1.5,0
965,24,4,2.4,0
965,5,1,12.0,0
965,81,3,3.5999999999999996,0
965,44,5,3.15,0
965,48,3,1.8900000000000001,0
965,1,1,14.4,0
965,62,5,11.25,0
966,28,2,0.8,0
966,43,5,3.75,0
966,36,5,3.75,0
966,51,5,3.75,0
967,79,5,12.2,0
967,26,4,2.4,0
967,6,4,67.2,0
967,76,5,11.399999999999999,0
967,38,5,3.75,0
967,59,1,3.38,0
967,37,3,1.7999999999999998,0
967,3,4,47.2,0
967,81,1,1.2,0
967,61,4,14.24,0
968,78,5,14.65,0
968,30,3,1.7999999999999998,0
968,76,2,4.56,0
968,58,3,7.89,0
968,39,1,0.85,0
968,75,3,6.84,0
968,51,3,2.25,0
968,1,5,72.0,0
969,6,2,33.6,0
969,58,2,5.26,0
969,51,1,0.75,0
969,56,1,0.64,0
970,36,5,3.75,0
970,70,4,8.44,0
971,65,3,0.12,0
972,7,4,63.2,0
972,75,2,4.56,0
972,69,5,10.549999999999999,0
972,37,1,0.6,0
972,31,4,1.76,0
972,72,3,6.33,0
972,23,5,2.5,0
972,84,2,3.44,0
972,2,4,57.6,0
972,11,3,21.48,0
973,62,1,2.25,0
973,13,2,14.32,0
973,34,2,0.98,0
973,38,3,2.25,0
974,21,4,42.64,0
974,27,2,1.4,0
974,47,1,0.75,0
974,37,3,1.7999999999999998,0
974,70,5,10.549999999999999,0
974,82,1,0.6,0
974,10,2,16.0,0
975,1,2,28.8,0
975,9,3,54.0,0
976,15,4,29.6,0
976,44,1,0.63,0
976,65,5,0.2,0
977,66,1,0.99,0
977,62,5,11.25,0
977,36,1,0.75,0
977,46,1,0.63,0
977,23,4,2.0,0
977,25,5,2.2,0
977,33,1,0.7,0
977,80,1,0.04,0
978,21,2,21.32,0
978,44,2,1.26,0
979,69,2,4.22,0
979,62,3,6.75,0
979,4,3,49.08,0
979,50,4,2.52,0
979,14,5,35.8,0
979,52,2,1.26,0
979,22,2,0.8,0
979,80,4,0.16,0
979,76,1,2.28,0
980,64,5,0.2,0
980,59,4,13.52,0
980,42,3,1.8900000000000001,0
980,26,1,0.6,0
981,58,2,5.26,0
982,74,3,6.84,0
983,48,3,1.8900000000000001,0
984,1,3,43.2,0
984,60,1,2.81,0
984,18,1,8.76,0
984,77,5,9.75,0
984,72,1,2.11,0
984,76,2,4.56,0
984,61,4,14.24,0
985,71,3,7.32,0
985,16,5,35.8,0
985,5,3,36.0,0
985,32,3,1.7999999999999998,0
985,69,4,8.44,0
985,38,1,0.75,0
985,14,1,7.16,0
985,39,2,1.7,0
985,34,4,1.96,0
986,36,3,2.25,0
986,53,1,0.75,0
986,68,3,8.43,0
987,64,3,0.12,0
987,39,4,3.4,0
988,4,3,49.08,0
989,24,1,0.6,0
989,18,5,43.8,0
989,78,5,14.65,0
989,13,3,21.48,0
989,15,1,7.4,0
989,34,3,1.47,0
990,16,2,14.32,0
990,74,2,4.56,0
990,75,1,2.28,0
990,30,1,0.6,0
990,36,3,2.25,0
990,71,5,12.2,0
991,71,5,12.2,0
991,70,3,6.33,0
992,39,1,0.85,0
992,52,1,0.63,0
992,40,4,3.0,0
992,12,3,21.48,0
992,35,1,0.62,0
992,18,1,8.76,0
992,13,5,35.8,0
992,1,1,14.4,0
992,62,1,2.25,0
993,47,4,3.0,0
993,70,1,2.11,0
993,34,2,0.98,0
993,76,5,11.399999999999999,0
993,32,1,0.6,0
993,43,2,1.5,0
993,24,5,3.0,0
993,14,1,7.16,0
994,28,2,0.8,0
994,22,5,2.0,0
994,31,4,1.76,0
994,1,5,72.0,0
994,35,5,3.1,0
994,25,4,1.76,0
994,71,2,4.88,0
994,8,4,144.0,0
995,79,4,9.76,0
995,25,5,2.2,0
995,38,3,2.25,0
995,18,4,35.04,0
996,53,5,3.75,0
996,37,3,1.7999999999999998,0
996,32,5,3.0,0
996,16,4,28.64,0
996,33,5,3.5,0
996,64,1,0.04,0
996,15,4,29.6,0
996,76,2,4.56,0
996,17,5,38.0,0
996,24,5,3.0,0
997,32,2,1.2,0
997,6,2,33.6,0
998,6,1,16.8,0
998,51,2,1.5,0
998,28,3,1.2000000000000002,0
998,15,5,37.0,0
999,84,2,3.44,0
1000,2,4,57.6,0
1000,14,3,21.48,0
